name,person,phone
重庆服装工程职业学院,牟小雄,85763377
重庆彩顺针织服装有限公司,罗光六,
重庆绫辰服装有限责任公司,杜慧琳,15202316497
重庆平喆服装有限公司,罗伶君,
重庆黄童服装有限公司,黄佑文,15123519296
重庆领睿服装有限公司,杨林,
重庆嘉利达服装有限公司,沈萍,13594809466
重庆朗丁服装有限公司,龙大军,15863343344
重庆市万州三峡服装艺术学校,秦克林,
重庆市绅诗菲鹿服装有限公司,严清,
重庆牛卜服装有限公司,刘东军,13364070511
重庆易亿服装贸易有限公司,易发春,13193225222
重庆尚维服装有限公司,魏光华,15736423920
重庆市爱无涯服装有限责任公司,王中禄,
重庆宏瀚服装有限公司,喻成国,023-58331633
重庆萌迪佳服装有限公司,周继菊,15084482188
重庆鑫添源服装有限公司,杨必清,
重庆市万州区兰心服装厂,王艺,18680960707
重庆渝鼎服装有限公司,蒋向前,15123573059
重庆依欧美服装有限公司,张顺强,
重庆市同美服装有限公司,郭峰,18675864388
重庆艾俪雅服装有限公司,李文标,15826417851
重庆星雨砂服装有限公司,陈雨思,
重庆市万州区雪楠服装有限责任公司,向家碧,13098608672
重庆市安顿罗服装有限公司,黄汉英,18623206326
重庆市万州区高梁服装社,文良平,58307542
重庆市万州区芳韵演出服装有限公司,石艳,13668473848
重庆市万州区锦莹服装有限责任公司,董嗣英,18680902277
万州区牌楼街道永好服装店,陈渊,
重庆江范霞商贸有限公司,江在兵,13609433971
重庆市万州区华西丝绸服装厂,程地林,
重庆市永得利服装有限公司,胡德林,023-87522678
重庆市万州区超晴服装经营部,万霖,13609453303
重庆万州区服装公司,杨永华,
重庆富博服装有限公司,杨中华,
重庆发利服装有限公司,赵立平,15084444068
万州区龙华街常孟强服装店,常孟强,15123432608
万州区高峰镇柳后兰服装店,于奇江,13101084696
重庆高跃服装店,高章平,18623419699
万州区高笋塘欧菲尼服装店,范滔,18680959226
万州区周家坝浩然针织服装厂,唐敬斌,
重庆市细婕星服装有限公司,李春林,15826353458
重庆市万州区崇国服装店,冉崇国,13193228691
万州区高笋塘壹景服装店,唐伯英,
重庆佳峰服装设计有限公司,郭运丰,
万州区梦菲尔服装店,丁勇,
重庆市万州区伊蜜服装店,冉广兰,15320682161
重庆市万州区成发服装配料工艺厂,乔正修,58499358
重庆市万州区俊然服装厂,廖友梅,13896928100
重庆市万州区长河服装店,万长河,13635338687
重庆市万州区杰杰服装厂,李伍春,15826464757
重庆市万州区莉娜服装店,文姿力,13101014496
重庆市万州区雅酷服装店,向虹玫,13452696322
重庆市万州区燕泉服装厂,向国燕,18223656162
重庆市万州区科豪服装厂,向承芬,15123482133
重庆市万州区锦霖服装店,乔兴梅,58339336
重庆市万州区禾采服装加工厂,郎晓容,18696816393
重庆市万州区兰草服装店,向宇红,13658218325
重庆市万州区千姿恋服装店,向金琼,13709430940
万州区牌楼街道臻臻服装店,骆丹,
万州区沙河刘洋服装加工坊,刘洋,
万州区新城路缤资服装店,王琴飞,
重庆市万州丽人服装有限公司,杨剑,
重庆市万州区黄嵩服装店,黄嵩,15084432066
重庆市万州区真健服装店,贺真健,15923809926
重庆市万州区承琼服装店,谭承琼,18908261857
重庆市万州区巧欣服装店,李洪乔,58767114
重庆市万州区俊兰服装店,马忠碧,15923421404
重庆市万州区启会服装店,程启会,13594445160
重庆市万州区军杨服装店,谭军杨,13896208819
重庆市万州区诗健服装厂,张诗健,13436274201
重庆市万州区克彬服装店,贺克彬,15310055166
重庆市万州区杰尔服装经营部,冯富杰,13509439388
重庆欧薇依服装有限公司,张博兴,
重庆市万州区冉丛明服装店,冉丛明,15823737322
重庆市万州区熊梅君服装店,熊梅君,13668490558
万州区李河镇小余儿服装厂,龚举余,
重庆市万州区宾龙服装经营部,贾春莉,17723068041
重庆市万州区尚高服装经营部,熊尚高,13509439388
万州区牌楼街道崔红英服装店,崔红英,
重庆市万州区洪清服装经营部,程洪清,13452648765
重庆市万州区宇翔服装经营部,余易祥,13594445160
万州区北滨大道杨昌莲服装店,杨昌莲,
重庆市万州区鹏鑫服装经营部,李定彩,15178909232
重庆市万州区靓星服装经营部,乔素兴,18996572317
重庆市万州区梅英服装加工厂,向本梅,13635329034
重庆市万州区聂萍服装加工厂,骆世萍,18983559745
重庆市万州区竹峰服装经营部,冯仁峰,15826355293
重庆市万州区梅琼服装经营部,何寒梅,13628230277
重庆市万州区雄黄服装经营部,黄佐山,13509439388
重庆市万州区亮源服装经营部,骆永菊,13509439388
重庆市万州区万港服装有限公司,邓章明,
重庆市万州区伊美斯服装经营部,向之元,13609436633
万州区外贸路尹光兰服装店,唐健雄,
重庆市万州区木哲子服装有限公司,陈国华,13628234444
重庆市万州区高保琼服装店,高保琼,15978908824
万州区学府路晓慧服装店,谭显勇,
重庆市万州区谭孝武服装经营部,谭孝武,13042601790
重庆市万州区道彪服装经营部,刘道彪,13509441983
重庆市万州区东苗服装加工厂,程启钢,18696807645
