name,person,phone
重庆市丰都县中小学服装厂,文应中,023-70631178
丰都县飘眼服装有限公司,江进琼,18983311267
丰都县森购服装销售有限公司,周小梅,13509462110
丰都县兰英服装店,胡琼英,
丰都县鼎玖服装销售有限责任公司,任德琴,
丰都县柒朵服装店,李晓容,
重庆市丰都县中小学服装厂乐士达纯净水分厂,秦勇,17323583828
丰都县张姐服装店,张秀琼,
丰都县麋鹿服装店,杜映红,
丰都县辉辉服装店,代绩,
丰都县迪凯服装店,余小红,
丰都县四喜服装店,张娇,
丰都县夏天服装店,陈俞静,
丰都县鑫晟服装店,周小燕,
丰都县安美拉服装店,陈媛,
丰都县天阁服装店,徐先强,
丰都县袁淑娟服装店,袁淑娟,
丰都县半身缘服装店,封浪,
丰都县超群儿童服装店,秦怀群,
丰都县马萨马汀服装店,隆小梅,
丰都县后街男孩服装店,蒋红专,
丰都县莱萨戈丽服装店,杨春亚,15826223021
丰都县隆诚服装批发部,隆江,13996815765
丰都县衣恋服装加工店,向宗英,
丰都县美依林服装经营部,林蓉,
丰都县盛格恒服装加工厂,向永红,
丰都县俏俪徕服装经营店,卢剑锋,
重庆能泰服饰有限公司,湛小琼,023-85591188
重庆华欧服装有限公司,叶蚌生,
丰都县嘟嘟服装店,侯萃,15025639898
丰都县恒发服装厂,杜树权,18716825116
丰都衣酷服装店,彭理芳,15223826311
丰都顺万服装店,刘丰豪,
丰都县爱依一族服装店,杨奉红,
丰都县保合服装厂,王宏,
丰都县云裳服装厂,何洪玉,15095897201
丰都县米多服装店,许清源,
丰都县皓诚服装商行,周淑娅,18996865077
丰都县杨永清服装店,杨永清,
丰都县格格屋服装店,曾晓雷,
丰都县周霖服装店,周霖,
丰都县春霞服装店,古春霞,15320856337
重庆市川浙服装有限公司,蒲天文,
丰都县杰克狼人服装店,代胤,
丰都县鑫鑫服装店,朱兴炳,
丰都县豪哥服装店,陈豪,13883747777
丰都县金蓉服装店,熊仕平,
丰都县祥泰服装有限公司,高青,13983306117
丰都县优米时尚服装店,隆世蓉,70607166
丰都县诚洁服装加工店,夏江梅,15923739936
丰都县鲲鹏服装店,何智慧,
丰都县远泰服装有限公司,江山,13388993866
丰都县魅力服装店,代海涛,
丰都县一品韩服装店,鲍洪燕,13896510612
丰都县兰花服装店,秦超,
丰都县独衣不二服装店,蒋正涛,15213720735
丰都县佳合服装经营店,黄绪凤,13452569816
丰都县代科服装店,代科,
丰都县品格服装店,陈万清,
丰都县安迪亚服装店,余腾飞,
丰都县杨永清服装店二店,杨永清,
丰都县杨永清服装店一店,杨永清,
丰都县盆华服装店,傅静,
丰都县伟达服装厂,韦仕明,
丰都县雅依服装店,徐银峰,
丰都县顾坤龙服装店,顾坤龙,
丰都县丽雅服装店,余林,
丰都县不知服装店,秦春华,
丰都县秦妹服装店,秦越锋,
丰都县唯简服装店,王建,
丰都县南熙贝娅服装店,秦涛,
丰都县成兰服装店,姜志成,
丰都县索菲亚服装店,王璐,
丰都县达菲服装店,黄若尘,
丰都县千色服装店,马亚林,
丰都县陈玮服装店,陈玮,
丰都县景奕服装店,付帅,
丰都县川叶服装店,古世泉,
丰都县李文服装店,陶剑,
丰都县珍珍服装店,沈岑,
丰都县永利服装店,蒋东,
丰都县狼道服装店,文金玉,
丰都县聪聪服装店,李聪,13750751462
丰都县高家镇男色地带服装门市部,秦林波,
丰都县优品优男服装店,李鹏程,
丰都县金玛云丽服装店,冉术琼,13552503217
丰都县麦子服装店,陈继伟,
丰都县尚贝服装店,黄海霞,
丰都县传奇服装经营部,肖冬冬,18225183807
丰都县唯美服装店,张华,13983338680
丰都县伊米服装店,王朋,
丰都县靓丽服装门市部,何伟,15736535567
丰都县雅兰服装厂,兰朝权,
丰都县莎漫服装店,黄沉香,
丰都县亮坊服装店,李明,15095896873
丰都县灿如夏花服装店,徐忆,
丰都县陈华服装商行,陈华,13883747777
丰都县红绣坊服装经营部,梁杰,18696955559
丰都县漂亮服装店,张敬,13867332948
丰都大眼猪服装店,杨洪,
