name,person,phone
重庆澳飞服装有限公司,罗继跃,
重庆铁路服装厂,傅元平,023-61649260
重庆涔衫服装有限公司,张英洪,
重庆逄临服装有限公司,郑博,
重庆粲蕴服装有限公司,刘云全,
重庆续狼服装有限公司,刘如意,
重庆蒙特莱蒂服装有限责任公司,董永新,63105909
重庆市银燕服装有限公司,周帆,13983000848
重庆莱琨御服装有限公司,李小华,
重庆瞪兔服装批发有限公司,李成,
重庆伊娃服装设计有限公司,尹一尧,13508333126
重庆流琅服装有限公司,宋吉立,
重庆圣博乐迪服装有限公司,丁中路,18780283385
重庆普瑞提服装有限公司,汪建容,13983004344
美诺达服装（重庆）有限公司,胡秋燕,
重庆贵泰服装有限公司,方佐琼,023-68480079
重庆野兽派服装贸易有限公司,陈淋雪,13883501731
重庆和庆服装有限公司,廖承莉,18602346387
重庆峻淞雪服装有限公司,蒋梦雪,15023110297
重庆双达服装有限公司,李清,13272888698
重庆鑫鹰制式服装有限公司,吴确,15823070210
重庆顺燃服装有限公司,唐红军,
重庆丫玲服装有限公司,张艳玲,
重庆晓佳服装有限公司,张传贤,68665503
重庆隆俊服装加工有限公司,邹艳平,15802392276
重庆恰恰好服装销售有限公司,潘小利,15802370019
重庆铠伊服装服饰有限公司,何明伟,86970680
重庆垅颗服装有限公司,魏子凯,023-68783358
重庆尔浠服装有限公司,郎琴,
重庆乐云服装有限公司,刘莹,13883333722
重庆那年晴天服装有限公司,黄彬彬,023-81621600
重庆隆凯祥服装有限公司,罗金金,023-68691768
重庆晨润服装有限责任公司,谭丽平,15320387880
重庆怡然服装设计有限公司,罗海鸿,17783682518
重庆市九龙坡区陈骥服装有限公司,代存骥,023-68822403
重庆射手服装有限公司,陈昌学,13996031278
重庆挚友服装有限公司,朱晓俐,15826018757
重庆白市服装厂,季祖义,
重庆存仍服装零售有限公司,张艳玲,
重庆九维盾服装有限责任公司,肖见,18996412518
重庆卓善服装有限公司,段卫东,
重庆煦涵服装有限公司,杨宇洁,
重庆独挚服装有限公司,唐从梅,18623513321
重庆叠佳怡服装有限公司,邱雪红,13896048830
重庆市森盾服装有限公司,赵娅,13983174092
重庆林涧地服装有限公司,刘方远,18016050716
重庆玖泽服装有限公司,岳振,19923577313
重庆晨好服装设计有限责任公司,李聪,
重庆梁明玉服装设计研究中心（普通合伙）,梁明玉、牟群,13629796997
重庆蒂普服装制造有限公司,姜博瀛,
重庆劳伦威尔服装有限公司,乔光华,13629798886
重庆浩伟服装有限公司,唐珲,13896036230
重庆浦源服装有限公司,牟娟,18523113579
重庆赫美服装有限公司,刘波,15823113843
重庆佳永服装有限公司,廖勇,13708392172
重庆越茂服装有限公司,广安琴,13983753997
重庆鸿泰宇译服装有限公司,王永成,13983319066
重庆立面体服装贸易有限公司,张奎,15215236123
重庆魅缘坊服装有限公司,熊小娟,13996104946
重庆鸥尚伊都服装设计有限公司,许马友,18223052675
重庆杰琪屋儿童服装有限公司,高莉,18523345556
重庆锋琴服装有限公司,潘先琴,13368168723
重庆共园服装有限公司,曹小红,18623545502
重庆白市服装厂经营部,兰义高,
重庆宠妮服装有限公司,周志凤,17783470286
重庆涵亿嘉服装有限公司,傅宇涵,
重庆华洛雅服装有限公司,杨超,
重庆博景岳服装有限公司,黄美,
重庆双凤斋服装有限公司,苏梅,15523586690
重庆市骄阳服装有限公司,冉树伟,15213287799
重庆白市驿服装厂金凤门市,秦代英,
重庆嘉兴华倩服装有限公司,刘阳,13883055088
重庆市银燕服装有限公司一分公司,周帆,13983000848
重庆华而实服装有限公司,蒋易展,
重庆市祥晶服装有限公司,王国虎,15683831803
重庆恒其德服装有限公司,蒋易展,
重庆连创微梦服装有限公司,秦凤,15823087733
重庆依菲坊服装销售有限公司,陈立华,
重庆依伊爱服装销售有限公司,陈立华,
重庆伊怡坊服装销售有限公司,陈立华,
重庆凤舞轻赏服装设计有限公司,周海娟,
重庆服装工业实业总公司西南服装厂,杨中明,023-63510007
重庆孜闻贸易有限责任公司,程波,023-68140278
重庆川渝服装厂,杜庆华,
重庆熙美服装有限公司,孙远燕,
重庆姿雅服装厂,陈军,
重庆众安反光服装有限公司,涂孝军,
重庆杨氏服装有限公司,方卫军,
深圳汇骏服装有限公司西城天街第二分店,崔钰旋,
重庆金太阳服装厂,董明强,
重庆五一服装厂,石庆明,
重庆伟润服装有限公司,李光明,
重庆鹏宇服装有限公司,刘向东,13983420027
重庆伟梦服装有限公司,郑行端,
重庆宇桐服装有限公司,熊建锋,
重庆市九龙坡区超越服装厂,白正超,
重庆梦垚服装批发有限公司,何林,
重庆图豪服装店,罗邦智,13709403032
九龙坡区杨家坪小胡服装店,胡世乙,18580556335
重庆巴仔服装商行,徐华栋,15902362557
