name,person,phone
云阳汇成服装有限公司,沈仕阳,13389687266
重庆超亿服装有限公司,向远超,
重庆市云阳县文武服装职业培训学校,东瑞华,13251113251
云阳县云丹服装有限公司,谭金元,
云阳县盛德服装有限公司,邓明芳,15826414553
云阳县优多服装有限公司,万必芳,15320652266
重庆百翔服装有限公司,于海峰,15178908788
云阳县成美服装有限公司,李建兴,
云阳县三峡针纺服装总厂,,
重庆市云阳县舒慧服装加工有限公司,向往,
云阳县富邦服装有限责任公司,范体刚,15023447605
云阳县梦恋服装制造有限公司,刘小云,
云阳县尚层衣舍服装店,向群,
云阳县宗华服装厂（普通合伙）,,
云阳县耀灵镇刘诗碧服装店,刘诗碧,
云阳县耀灵镇黄术明服装店,黄术明,
云阳县美狄实业有限公司,古寿增,023-85850500
重庆市云阳县三峡针纺服装总厂,马诗明,
云阳宝威服装有限公司,吴焕新,
重庆联鑫服装有限公司,张学波,13908265465
云阳县飞腾服装制造有限责任公司,章小康,
云阳县深度服装门市,白凌琳,
重庆泰顺服装有限公司,刘娟,
云阳县单品馆服装店,王菁青,
云阳科能服装厂,汪孝伦,15215288090
云阳县永源服装厂,向生高,18680871668
云阳县漂亮宝贝服装店,陶敬明,
云阳县靓轩服装店,曹敬花,
云阳县灰姑娘服装店,赵炯,51069
云阳县华翌服装厂,蒋雄泽,18723696161
云阳县淇淇服装店,谢瑞香,
云阳县婉枫服装店,蒲健,
云阳县翰龙服装店,王翰,18580934789
云阳县莫乂服装店,姚文美,
云阳县文林服装店,文林,55220163
云阳县李贤培服装门市,李贤培,
云阳县龙子印服装店,靳怡,
云阳县衣百惠服装店,吴进,
云阳县富华服装加工厂,卢祖碧,18423358688
云阳县玉兰服装加工厂,谭见均,18580952262
云阳县亨源服装加工厂,贾联群,15523630256
两江新区谜汀服装服饰门市部,李星,
重庆市成长服装有限公司,向守清,
云阳县江红服装店,龙江红,
云阳县怦然心动服装门市,严兵,
云阳县银河服装门市,余浩,
重庆昊兴服装制造有限公司,汪忠勇,
云阳县独品服装店,陈健,
云阳县焦点服装店,谭磊,
云阳县靓衣轩服装店,刘富蓉,
云阳县衣橱服装店,杜江,13101099726
云阳县灵秀服装店,黄涛,13996638589
云阳县卡琳娜服装门市,朱军,
云阳县森旺服装厂,谭明生,13452670289
云阳县金色童年服装门市,刘全平,
云阳县腾辉服装加工厂,龙腾碧,17338686228
云阳县名嫒淑女服装门市,张飚,
云阳县靓装服装店,江涛,
云阳县姿蕊服装店,吴海兰,
云阳县流连忘返服装店,刘炼,55141412
云阳县佐色服装店,刘权,
云阳县茵曼服装店,李军,55236489
云阳县夏娃之秀服装店,张坤,15320862472
云阳县范儿服装店,罗朝晖,
云阳县龙角镇翔宇服装店,黄晓伟,13512322388
北部新区品尚空间服装经营部,郑庆涛,
云阳县小松服装加工店,赵小松,15084351589
云阳县杰豪缘服装店,张国杰,
云阳县范女王美衣橱服装店,方银银,
云阳县祥兴服装厂,刘小军,18620679896
云阳县美丽达人服装有限公司,李雪梅,
云阳县叶建服装城,叶建,
云阳县沈建平服装店,沈建平,
云阳县可可儿服装门市,范晓君,
云阳县七色花服装门市,吴云生,
云阳县倩倩服装店,向山,
云阳县云安镇覃妹服装行,覃宏,
云阳县明镜服装门市,谭善培,
云阳县李清林服装店,李清林,
两江新区黄高服装店,杨小义,
云阳县国志服装店,范国志,
云阳县肯娜服装经营部,姜泓,18996685377
云阳县翰博服装加工厂,陈勇,
云阳县汪红燕服装店,汪红燕,
云阳县森马休闲服装门市,赵刚,
云阳县玉笛服装门市,曾祥宇,
云阳县唯爱服装门市,赖静,
云阳县农坝镇峰峰服装厂,黄峰,
云阳县菲洛服装店,周成书,
云阳县透秀服装经营部,黄杨,13983075626
云阳县凤鸣镇香衣服装店,蔡毅,13996655260
云阳县仁制服装厂,任中革,13635383627
云阳县法曼儿服装店,毛光成,
云阳县六加一服装城,王辉,
云阳县酷点服装门市,余毅,
云阳县峰卓服装店,杨森林,13594867345
云阳县天红门服装城,陈静,55168788
云阳县瑞誉服装店,向云峰,
云阳县依米服装店,万卫平,
云阳县佳发服装门市,郭可华,
