name,person,phone
重庆翔赫服装有限公司,徐跃,023-63035479
锋发（重庆）服装设计有限公司,石代均,13883328878
重庆云工依服装有限公司,陈宗全,
重庆辉驰服装有限公司,刘友君,13350361123
重庆市线团服装设计有限责任公司,杨映模,
重庆鸿义源服装有限公司,张平权,18696853650
重庆晟睿服装有限公司,罗春凤,15826025475
重庆绅派服装有限公司,王佳倩,
重庆松荣服装有限公司,张孝荣,13883840863
重庆莱布丝服装设计有限公司,高攀,
重庆市南笙服装有限公司,薛鹏,18883370316
重庆格伦服装设计有限公司,高锋,13637895225
重庆市北碚区明阳服装有限公司,董明阳,18323808184
北碚区田东梅服装店,田东梅,
北碚区柯南李服装店,黄静良,
重庆市北碚区柳荫服装厂,张荣木,13452340389
两江新区街角服装店,龙江,
深圳汇骏服装有限公司重庆北碚万达广场店,张庆华,023-86218294
重庆壹捌玖壹文化传播有限公司,盛朝伟,15520050151
重庆服装六厂,黄小清,
重庆沐眺服装有限公司,牟成涛,17726256618
北碚区如鑫服装店,左汶鑫,13983367599
北碚区池亿服装店,池华东,
重庆概尚服装有限公司,詹兴,
北碚区军友服装服务部,周鸿,86037020
重庆宏大纸业（集团）有限公司宏大服装厂,周业珊,
重庆市兴红服装加工店,谢兴惠,15736243068
北碚区英伦服装店,邓欢,18502312926
北碚区艳姿坊服装店,郭良,
北碚区潮吧服装店,谷涛,13883513097
重庆市北碚区秀装服装店,曾晓利,13399804287
北碚区潮迩来服装店,刘晓义,13368306186
北碚区超超服装店,王超,13527355305
重庆华越服装设计有限公司,万传礼,18623308808
北碚区酷吧服装店,汪新梅,18725740098
北碚区绘坊服装店,徐欣,13629712935
重庆友安服装经营部,冯志强,18602375166
北碚区马球服装店,尤成武,
北碚区心爱服装店,邵敏,
北碚区阿泽服装经营部,陈泽,13983071836
北碚区剑波服装店,沈剑波,17708394903
北碚区奢香服装店,伍志强,
重庆市北碚区雪歌服装店,陈圣华,023-68210016
北碚区瑞茜服装店,胡谦,13206199928
北碚区雅静服装店,刘建,15086686988
北碚区潮童服装店,刘怡,18996233155
北碚区国金服装商场,徐杰,15823516888
两江新区华续服装店,赵志栋,
北碚区百川服装经营部,袁越,18996475668
北碚区汇聚服装店,王晓强,13637727261
北碚区木兮家服装店,邓翔,15523261334
北碚区伦胜服装店,王学力,
北碚区莱妮服装店,黄勇,
北碚区邓肖服装店,陈柄邑,18523103181
重庆惠中美服装销售有限公司,邓中惠,
重庆市北碚区伴尼服装店,胡腾,13996088388
重庆市北碚区夏林服装店,夏林,13320248031
北碚区哆啦幺妹服装店,冯磊,13101262005
北碚区侨外服装经营部,张渝,15213023738
重庆市北碚区童颖服装设计工作室,童作银,13527356448
重庆小斑鹿服装经营部,王勇平,15334502498
北碚区衣绣服装店,杨显荣,15111829018
北碚区学友服装设计室,吴涛,18166439545
北碚区初见服装店,张艳,
重庆市北碚区天生蓓蕾服装店,王柯,13627622702
北碚区花信风服装店,杨连英,
北碚区欧港秀服装店,滕建国,13883135337
重庆市北碚区恒宣服装店,廖刚,13667679292
北碚区依姿绣服装店,孙国富,
北碚区静观镇万青服装店,李帅,
北碚区露雅服装店,何玲,
北碚区美衣服装店,贺登燕,
北碚区衣蝶服装门市部,吴刚,
北碚区不得不爱服装店,张引,13752863984
重庆市北碚区米雪儿服装经营部,陈光勋,68111888
重庆市北碚区涵迪服装店,封建,13368326085
重庆竹城服装干洗店,刘建强,13883278416
北碚区鸿坤服装店,吴双,18080726099
北碚区诗尔贝服装店,胡安刚,13983435036
北碚区云然服装店,杨春,13883395289
重庆缺一服装租赁中心,肖运权,18883248271
北碚区吾与服装店,姚玲丽,
北碚区杨瑜服装店,杨瑜,18223347059
北碚区小胖服装洗染店,肖鹏,
北碚区商丽服装店,商丽,13617669688
北碚区湾仔码头服装店,甘露,13883610090
北碚区欢哥服装店,朱欢,15730261611
北碚区艾菲卡服装店,吴倩,
重庆市北碚区小英服装店,蒋余,023-68356402
北碚区酷我宝贝服装店,胡天银,
重庆市北碚区子尧服装经营部,王子尧,13527518865
北碚区杉锋服装经营部,闫锋,13045629058
重庆枫玉竹皮草服装厂,刘运平,13658323564
重庆九色服装设计工作室,孙明,13368351822
重庆市北碚区丝乐服装设计工作室,吴云竹,15111892799
两江新区水土镇千纤款服装店,蒋彬,13399881655
北碚区勇诚服装经营部,蒲金勇,
重庆市丹帝服装经营部,兰华,13452110111
北碚区伊尚缘服装店,张薇,15213263253
重庆市北碚区泽源服装店,黄思明,15215164115
