name,person,phone
重庆市南川区服装行业协会,韦明伦,18996709499
重庆市南川区煜城服装有限责任公司,宋跃,13609474082
重庆大元服装有限责任公司,邓华伦,15223883909
重庆苏苟服装销售有限公司,张鲛,13896052169
重庆伍陆捌服装有限公司,王万强,18182253568
重庆盛林谷服装有限责任公司,罗永华,15922818537
重庆逸凡服装有限公司,颜崇龙,023-71686786
重庆昭岚服装有限公司,黄威,023-71641810
重庆市展业服装有限公司,何德洪,15826209996
卓羽嘉创（重庆）服装加工有限公司,韦华平,
重庆市泽一服装有限责任公司,肖泽意,13896555898
重庆市南川区兰彪服装有限公司,李冬兰,13896791619
重庆市韵琦服装有限公司,李欢,13896560447
重庆市卓群服装有限责任公司,代兴华,13983322556
重庆内秀族服装销售有限公司,陈卫容,
重庆励旺奇服装销售有限公司,邓莉梅,18996717396
重庆市南川区荣接服装有限公司,向登荣,18723883319
重庆市南川区鸿文服装加工有限公司,袁宏梅,15215241356
重庆市南川区玟倩服装有限责任公司,何德洪,15826209996
南川区利绅服装店,习显琴,
南川区潮牌服装店,李明秀,
南川区乖宝服装店,张祯华,
南川区荔枝服装店,吴颖,
南川区欧尼服装店,传茂,
南川区格调服装店,陶义莲,
南川区琳子服装店,潘琳,
南川区卡洛儿服装店,陈银香,
南川区广红服装店,杨贞莉,
南川区云会服装店,陈云会,
南川区明芳服装店,刘明芳,
南川区胖丫服装店,吴贤敏,
南川区炯华服装店,任炯华,
南川区森巨服装店,沈剑波,
南川区诗茼服装店,周铃,
南川区汇赞服装店,饶裕华,
南川区唐糖服装店,龚芮,
南川区湘爷服装店,陈香,
南川区莲儿服装店,汪小莲,
南川区暮色佳服装店,黄汝,
南川区新佳娜服装店,贺廷利,
南川区今明屋服装店,孙晓港,
南川区一奇然服装店,林惠华,
南川区壹澄缘服装店,徐少梅,
南川区康姿典服装店,黄丽琴,
南川区思谷雅服装店,曹琼予,
南川区衣恋佳服装店,代小琴,
南川区王良文服装店,王良文,
南川区雅熙思服装店,廖玉芬,
南川区邱伶俐服装店,李秋岭,
南川区董森子服装店,董翠平,
南川区艾佳尔服装店,曹欢,
南川区诺豪蓝服装店,黄艳燕,
南川区静育红服装店,李静,
南川区亿威度服装店,林勇,
南川区精优东服装店,王欢,
南川区菲德欢服装店,苏爱红,
南川区小贝服装销售店,谈自琼,
南川区奇奇服装加工厂,韦延灿,
南川区素人服装经营部,周小燕,
南川区安德亚安服装店,范桂兰,
南川区明强服装经营部,陈明亮,
南川区桂兰服装经营部,殷光兰,
南川区巴拉服装经营部,鲜宇昂,
南川区巴莉服装经营店,刘云芬,
南川区君君严选服装店,朱传君,
南川区简初服装经销店,袁露,
南川区依格服装经营店,沈冬,
南川区黄敏服装经营部,黄小敏,
南川区福琼服装经营店,李福琼,
南川区陈泽宇服装经营部,陈毅,
南川区雪妮芳服装经营部,张世棋,
南川区步琳琬服装店,徐丽葵,
南川区晨双尚服装店,宋丽君,
南川区茹凌百服装店,于会会,
南川区韦明容服装店,张琳琳,
南川区戟之怡服装店,向静,
南川区汐妍琇服装店,王梅,
南川区来米舍服装店,周存英,
南川区晨蓝曦服装店,陈小兰,
南川区官廷碧服装店,官廷碧,
