name,person,phone
重庆生身相惜服装销售有限公司,张湘晗,18696632811
重庆固飞服装有限公司,张小丽,
重庆服装二厂,唐成杰,
重庆标杆服装有限公司,徐泽彪,
重庆中禹服装有限公司,周朝康,
重庆恒点服装有限公司,贾小红,
重庆市职业服装协会,张敏书,13983612886
重庆轩硕服装有限公司,朱莉婷,18875500006
重庆纳丽丝服装有限公司,邱晓玲,17815244209
重庆宝诗友服装有限公司,周智,
重庆琦庆服装零售有限公司,李林高,15568568321
重庆涵渝雅服装有限公司,李莎艺,
重庆龙之庄服装有限公司,龙林,
重庆服装三厂,王亮,13594271492
重庆苗妙尔服装有限公司,李苗,
重庆饰实依服装批发有限公司,肖廷平,
重庆百裳服装有限公司,李群翔,
重庆蔓聆服装设计有限公司,罗静恬,18680819709
玖彤世家（重庆）服装有限公司,刘思彤,
重庆惺惺琦服装销售有限公司,龚洪琴,15213386112
重庆立立服装有限公司,叶天丽,13594430495
重庆快潮服装有限公司,王华,
领如境（重庆）服装设计有限公司,刘攸武,15823083829
重庆爵程服装有限公司,熊潇,17782018951
重庆桥恒服装有限公司,周中文,13167887086
重庆露仙岛服装批发有限公司,杜仕勇,
重庆赫尔诗服装有限公司,刘诗怡,
雨丝缘（重庆）服装有限公司,李桂蓉,
重庆浩林艺洋服装有限公司,张劲松,
重庆腾文服装设计有限公司,海燕,
重庆哥本服装有限公司,罗静,13983385151
重庆斯诺威服装有限公司,林雨洁,15802383335
重庆晴彩服装有限公司,陈素琴,15023384121
重庆鑫得源服装有限公司,赵利华,61194258
重庆金俊服装有限公司,江仕平,13996257696
重庆佳睿缘服装有限公司,李清润,023-60842907
重庆意裁匠服装设计有限公司,刘青松,18696709956
重庆布谷鸟服装有限公司*,刘大庆,023-89028111
重庆卡贝尔服装有限公司,张党琪,18623013353
重庆极盛服装销售有限公司,毛晓敏,023-89028111
重庆奥布尔服装厂,,13368413190
重庆金义服装针织有限公司,杨文义,18983970667
重庆迩腾服装有限公司,潘光平,18602346387
重庆云创服装有限公司,陈巧,18306086188
重庆高畅服装有限公司,汪燕,18523165099
重庆芸熙服装有限公司,陶文,13883801818
重庆万锦服装有限公司,王丽晓,13983885020
重庆万通服装有限公司,张玉东,13340292121
重庆蔚岚服装有限公司,周红,
重庆雅祥服装有限公司,钱利娜,15696127298
重庆鑫怡服装有限公司,沈创,15922796360
重庆恒川服装有限公司,邓咏,18983788769
重庆青橙青涩服装有限公司,刘勇,13983116833
重庆首恬服装有限公司,吕亚梅,17338318174
重庆市圣雪服装有限公司,张正勇,86332706
重庆大启服装有限公司,吴明辉,13594619693
重庆绒丝奇服装进出口有限公司,林小蓉,13047321261
重庆仓禾服装有限公司,张霞,18623457202
重庆飞雨服装租赁有限公司,陈晶晶,
重庆梓绵服装有限公司,祖锋洁,18002307868
重庆杨老杨服装有限公司,杨大明,13667676322
重庆亭亭玉立服装有限责任公司,张廷婷,18602393213
重庆欧缔尔服装有限公司,鲁光平,18983673915
重庆酷游马服装有限公司,谢先峰,13452995371
重庆赫雅淼鑫服装有限公司,敖大艮,17726256618
重庆思胤贝尔服装有限公司,张爱明,13996498905
重庆依辰服装销售有限公司,蔡秀锋,15923558837
重庆美柜服装设计有限公司,刘军,17302314867
重庆幻颖服装零售有限公司,张颖,
重庆雨可梦服装设计有限公司,李晓松,13708307728
重庆索派尔服装企业策划有限责任公司,唐晓宇,13648420497
重庆蜂鸟服装设计有限责任公司,陈力钊,18323222300
重庆市特蕾拉服装有限公司,庄惠,15008191234
重庆曰可木服装设计有限公司,穆悦可,17725094435
重庆妍秀梦贝服装销售有限公司,尚鑫,13618258198
重庆市雪知绒羊绒服装有限公司,黄清英,18623331321
重庆市华俞林服装设计有限责任公司,赵盛林,17384044295
重庆市万州区雪楠服装有限责任公司南坪分公司,向家碧,17764872081
重庆智果链农业发展有限公司,李鸿,13308332333
重庆天雅制衣有限公司,杨雅雯,60606310
重庆海潮服饰有限责任公司,黄仕海,13508396916
重庆羽绒服装厂,简文举,
重庆新生机电厂群锦服装分厂,候德宪,
重庆市玛昵秀服饰有限公司,卢俊蓉,18983897317
重庆金牛皮件服装厂,李贤林,
重庆金星西服制衣公司服装一厂,王安庸,
重庆长桥服装厂,张桂生,
重庆服装四厂,付红,
重庆欧氏服装服饰有限公司,欧兴志,
重庆利茂服装有限公司,彭长玉,
重庆汉瞻服装分公司,魏珑,
重庆六心服装有限公司,杨顺波,
重庆比格服装有限公司,郎伟,
重庆全仕服装有限公司,袁莉,
重庆寰煜服装有限公司,柯昌菊,
重庆中姿服装有限公司,陈显志,
重庆南岸东联服装厂,陈顺付,
南岸区花亲服装店,杨念迟,
重庆五加一服装有限公司,张逃生,67734503
重庆黄佳服装厂,黄刚,
