name,person,phone
重庆市合川区服装学校,杨亚兰,42878789
重庆市合川区现代服装学校,桑晓均,42848056
重庆思哥维服装有限公司,刘维,18996462225
重庆朗瑞服装有限公司,庞家银,
重庆市合川区加林服装有限公司,刘进展,
重庆拉弥亚服装有限公司,张林,
重庆合川服装厂,,
重庆市格蕾斯服装织造有限公司,田小勤,13883920071
重庆市鸿飞服装织造有限公司,李光松,17784499918
重庆安聆儿服装有限公司,杨小星,15023115916
重庆后起服装有限公司,王峰,
重庆市合川县服装厂,,
重庆森深服装批发有限公司,彭国兰,
重庆春宇卡尔服装零售有限责任公司,向华林,17384044295
重庆市合川区视觉风服装有限公司,张婷婷,19923628377
合川区金雁帛服装店,黄金山,
四川省水产学校服装厂,马志会,
重庆伟汇投资有限公司,平维,42732727
重庆渝富服装有限公司,祝兵兵,
合川区容容服装店,熊先容,
合川区敬诚服装店,赵梓敬,
重庆市晶针服装厂,郑裕玲,023-42870482
合川区阿莲娜服装店,吴志建,
合川区昊天服装店,吴昊,
合川区欣悦服装厂,胡春伦,18996368698
重庆棚馨服装有限公司,陈晓玲,18983921806
合川区明明服装店,夏从平,13638329918
合川区保罗服装店,冉宇,
合川区富瑗服装店,杨相森,
合川区爱衣服装店,程璐,
合川区清雅服装店,贾威,
合川区玛莎衣尚服装店,周建伶,15223232688
合川区百丝服装店,谢清松,
重庆非凡貂服装有限公司,蒋刚,15823130265
合川区圣吉奥服装店,罗青兵,13650596066
合川区渝艳服装店,周渝,
合川区珂莱蒂尔服装店,冉宇,
合川区三汇镇博大服装店,殷小勤,
重庆俊士服装有限责任公司,张永志,
合川区嘉利和服装店,吴小均,18008314787
合川区千盛服装店,徐军,
重庆市黄武群服装经营部,黄武群,13647694990
重庆市潘先梅服装经营部,潘先梅,13389630348
合川区邵氏紫藤服装店,邵海滨,
合川区自由人服装店,郑祥分,
合川区雷迪波尔服装店,康勇,
合川区富媛服装经营部,杨相森,
合川区雅尚服装店,杨雯迪,
合川区夏柏服装店,邹建,
重庆意含服装厂,蒋德华,15178713656
合川区锁春服装店,李师师,
合川区洋洋服装店,杨洋,
合川区红蜜蜂服装店,秦颖,
合川区例外服装店,李松,13752951047
重庆市合川区羽函服装厂,陈庆禧,15923264332
重庆市合川区淼资服装经营部,陈宣彤,15003821980
合川区村上春服装店,邹建,
合川区贺师傅服装修改工作室,贺煜,15310394981
合川区奔跑农夫服装店,肖云松,
合川区伊人丽影服装店,张洋,18223041731
重庆市合川区科新服装厂,周科,17772376788
合川区依云素服装店,钱鼎,
重庆市合川区洪发服装经营部,艾德梅,13638355700
重庆市合川区金坤服装加工厂,杜述勇,18996258090
重庆市合川区李苹生服装经营部,李苹生,15922566068
合川区女人帮服装时尚馆,杨世均,
合川区志强服装门市,张世伟,
重庆市合川区嘤唯嗳服装店,王玺妍,15923114897
合川区阁兰秀服装店,唐林梅,
合川区布衣佳人服装店,陈亮,
合川区1981服装店,黄琪,
合川区风格服装店,胡海涛,15223459838
合川区妙芬服装店,杨德怀,
合川区依品折服装店,陈昌辉,
重庆市合川区迅发服装加工厂,杨竞,15023732315
重庆市合川区彭吉元服装加工厂,彭吉元,13628386876
重庆市合川区左华玉服装经营部,左华玉,15023169124
合川区衣帘优梦服装经营部,李佳骏,
合川区王彦服装店,王彦,15310076556
合川区欧莎服装店,左雪梅,
重庆市合川区阙伟服装加工厂,阙伟,13018330333
合川区三汇镇别具1阁服装店,徐英豪,
合川区沸点九九服装店,邹胜,
合川区靓依服装经营部,梁涛,
合川区艾尚伊服装店,李仁杰,
合川区欧韩服装馆,廖亭亭,15923224985
合川区贝增服装经营部,吴飞,
合川区欣怡坊服装门市,叶泽均,
合川区长久服装店,张志勇,
合川区凯杰服装经营部,董杰,
合川区周小龙服装门市,周世全,13883367688
合川区悦儿来服装经营部,刘君,
合川区童话波比服装店,蒋婷婷,
合川区美颜服装店,罗进,
重庆市合川区斯波驰品牌服装销售中心,苏兵,13896004622
重庆市合川区戴新亮服装经营部,戴新亮,15696187818
重庆市合川区博凯服装加工厂,何明春,18680889905
合川区雅典攻设服装店,邓毅,
重庆市合川区田小勤服装店,田小勤,13883920071
合川区钻贝服装店,周觅,
