name,person,phone
重庆巨安服装有限公司,张学丰,18323962211
垫江县九中服装厂,闵锋,74578134
重庆博诺佳意服装有限公司,蒋英,13996791998
重庆市垫江县冠迪服装有限公司,熊伟志,
重庆米尚服装销售有限公司,傅昌琼,
重庆华赞服装批发有限公司,江大华,
重庆拙雅服装制造有限公司,李朝兵,
垫江县彬彬服装有限公司,沈红兵,15320891266
重庆彩诺服装销售有限公司,熊旺,18717008777
重庆市垫江鼎盛服装衣架有限公司,盛国学,13996718647
垫江县祥云服装有限责任公司,刘友云,74580169
垫江县流行坊服装批发有限公司,刘强,13101100933
重庆市垫江县衣特丽服装销售有限公司,周功波,13996853588
垫江县奎洪服装加工厂,章开奎,
垫江县小容服装店,张小容,
垫江县薇薇服装店,李薇,
垫江县欣兴服装店,徐敏,
垫江县艾尼服装店,陈世琼,
垫江县峻豪服装店,王小红,
垫江县媛帆服装店,杨莉,
垫江县大咖服装店,李丽,
垫江县美度服装店,杨蔚,
垫江县凯佳服装店,罗相静,
垫江县王妃服装店,宋倩倩,
垫江县玖邦服装店,韩梅,
垫江县文雀服装店,谈文仙,
垫江县服轩服装经营部,万俊,
垫江县美廉服装商行,兰达平,
垫江县苏格马可服装店,周秀娟,
垫江县千与千寻服装店,陈莉,
垫江县佳美服装加工厂,龙江,
垫江县娟娟服装店,肖娟,
垫江县坤生服装店,郭峰,
垫江县星陨服装店,徐燕,
垫江县小小易服装店,易洪,
垫江县靓衣轩服装店,程德武,
垫江县靓衣坊服装店,吴楠,
垫江县萌太奇服装店,谭晓凤,
垫江县夏加权服装店,夏加权,
垫江县张先梅服装店,张先梅,
垫江县邓伦杰服装店,邓伦杰,
垫江县展鸿服装经营部,汤展,
垫江县顺雅服装干洗店,张立霞,
垫江县依缘小筑服装店,冷兴芳,
垫江县三妹服装经营店,袁上钧,
垫江县矍铄服装经营部,程利,
垫江县洪容服装经营部,洪容,13896600003
垫江县盛开服装经营部,徐菠,
垫江县琴琴服装经营部,于晓琴,
垫江县王涛服装经营部,王涛,
垫江县木木服装销售店,吴云林,
垫江县雅韵内在美服装店,张其芬,
垫江县精灵鼠服装经营部,杨娟,
垫江县毕承友服装店,毕承友,
垫江县超会购服装店,邓超,
垫江县廖述杰服装店,廖述杰,
垫江县汪建琼服装店,汪建琼,
垫江县健菊服装经营部,朱健菊,
垫江县创舞服装经营部,冉小梅,
垫江县孝林服装经营部,蔡润生,
垫江县皮红服装经营店,皮红,
垫江县与子同袍服装店,王国栋,
垫江县垚霞服装经营部,曾霞,
垫江县胖姐服装经销店,秦宗芬,
垫江县天添向尚服装店,谌苗,
垫江县攀瑞服装经营部,周盈盈,
垫江县戈盾服装经营店,操小艳,
垫江县泽会服装经营部,赵泽会,
垫江县鄢霖霖服装经营店,李昱霖,
垫江县梁远菊服装批发店,梁远菊,
垫江县一家人服装加工厂,刘辉,
垫江县取丰富服装经营店,易幸伟,
垫江县熊兵服装经营经营部,熊兵,
垫江县月亮来了服装批发店,陈金华,
垫江县西索卡蔓服装经营部,盛文春,
垫江县靓贵一族服装店,田孟兰,
垫江县太平镇叁壹服装批发部,孔令帅,
垫江县陈高高私人衣橱高高服装店,陈高,
垫江县肖登月谢学远服装经营部,谢学远,
垫江县明悦天街谢学远服装经营部,谢学远,
重庆市粤垫圣威士服装有限公司,陈少山,
垫江县鹤游服装厂,刘治平,
垫江县亿客隆服装超市,周功波,13607366815
垫江县茂莉服装有限公司,黄茂,13908255906
重庆织锦服装有限公司,古万福,15730770196
垫江县逆角度服装经营部,赵银,18532658448
垫江县万服里饰服装店,盛万里,
垫江县影子服装店,涂建川,18512364448
垫江县金蚕诗玙服装厂,杨安国,13608309318
垫江县高峰服装厂,张纯远,
垫江县长发服装经营部,唐远兵,13983794063
垫江县宇秋服装厂,杨宇秋,15310926158
垫江县欣悦服装店,陈情,13609477235
垫江县雪儿服装店,程梁,
垫江县小琼服装店,汤继琼,
垫江县陈泓丞服装经营部,陈泓丞,18987688688
垫江县沙丘服装店,程雪杉,
垫江县秋雪服装经营部,张秋雪,13320371186
重庆兰菲服装有限责任公司,胡燕杰,
垫江县成帮服装经营部,吴邦书,15923716822
