name,person,phone
城口县宇晨服装有限公司,詹同连,18685419777
城口县安豪服装有限公司,罗意,13996645770
城口县星野服装有限公司,廖金仙,13896160303
城口县柳柳服装店,杨柳,
城口县童真天使服装店,胡春花,
城口县王波服装店,王波,
城口县云海服装店,包善云,
城口县启银服装店,袁启银,
城口县英英服装店,黄小月,
城口县月月服装店,黄小月,
城口县行者服装店,李沙沙,
城口县嘻嘻服装店,刘桃,
城口县唯佳服装店,向守宝,
城口县双喜服装店,唐熙喜,
城口县建辉服装店,姚建辉,
城口县唯衣服装店,白小宇,
城口县古颜服装店,周益双,
城口县迪如服装店,罗世桃,
城口县杨洋服装店,杨凤琴,
城口县任尚服装店,袁卓玥,
城口县棋琴服装店,汪玉刚,
城口县竞博服装店,道美谦,
城口县朱芳服装店,朱明芳,
城口县文文服装店,邓中文,
城口县述珍服装店,柳述珍,
城口县加兵服装店,袁加兵,
城口县衣引服装店,黄敏,
城口县容俊服装店,陈邦容,
城口县耀容服装店,谢耀容,13896321349
城口县何光清服装店,何光清,
城口县唐兆维服装店,唐兆维,
城口县张永见服装店,张永见,
城口县陈友双服装店,陈友双,
城口县王青云服装店,王青云,
城口县依贝欧服装店,简洁,
城口县黄小妹服装店,黄丽,
城口县唐会斌服装店,唐会斌,
城口县胡广飞服装店,胡广飞,
城口县蒋云超服装店,蒋云超,
城口县杨德文服装店,杨德文,
城口县靓衣坊服装店,向守琴,
城口县陈德英服装店,陈德英,
城口县魅力衣橱服装店,朱联平,
城口县唯美服装销售店,寇吉秋,
城口县云云服装经营店,张兆云,
城口县知心服装销售店,杨常秋,
城口县卓悦服装经营店,徐永卓,
城口县遇见服装经营店,廖凡玲,
城口县真琴服装经营店,冉远琴,
城口县阳柳服装经营店,雷阳柳,
城口县远辉服装经营店,宁远辉,
城口县亮丽女人服装店,程林桃,
城口县绿洲服装经营店,李六洲,
城口县华博服装经营店,王加俊,
城口县米朵儿服装销售店,夏翠萍,
城口县九牧王服装销售店,郭祥坤,
城口县衣语服装经营商店,刘莉香,
城口县吴晓华服装销售店,吴晓华,
城口县月俪儿服装店,凌富琴,
城口县魏朝宽服装店,魏朝宽,
城口县甩一甩服装店,金玖燕,
城口县谢国银服装店,谢国银,
城口县莫晓莉服装店,莫晓莉,
城口县金蝶茜妮服装经营店,唐明玉,
城口县蕾蒂诗服装经营部,李静,
城口县元珍服装销售店,刘元珍,
城口县辉灿服装销售店,冉晓红,
城口县迪垚佳贝服装店,付洪兵,
城口县椿椿服装销售店,李维姣,
城口县英姐服装经营店,周飞英,
城口县攀攀服装经营店,袁文兵,
城口县鸣璇服装定制店,童真红,
城口县跃清服装批发部,赵跃,
城口县新玲服装经营店,刘新玲,
城口县官官服装经营店,官艾妮,
城口县半身缘服装经营部,彭子兵,
城口县肖仁平服装经营部,肖仁平,
城口县王英凤服装经营店,王英凤,
城口县九分美服装零售店,雷国浩,
城口县贝珞茵服装销售店,邱林,
城口县邓承杰服装经营店,邓承杰,
城口县陈益键服装销售店,陈益键,
城口县刘玉婕服装经营部,刘玉婕,
城口县马克故事服装经营店,欧中芬,
城口县林家小童服装经营店,吴显兰,
城口县陈旭服装销售经营部,陈旭,
城口县街尚衣匠服装店,刘芬,
城口县宋小香服装销售部,宋小香,
城口县蓝衣阁服装销售店,黄仕丹,
城口县帛卡袖服装经营店,罗世伟,
城口县慕柯曼娅服装经营店,孙大刚,
城口县大飞椰子树服装工作室,胡雪飞,
城口县美依路服装店,童明兰,
城口县百衣百顺服装店,资小琴,18983558306
城口县玉清服装店,凌建明,
城口县辉腾服装店,覃朗,15923835080
城口县雏鸟儿童服装店,刘一均,13983558602
城口县伊人飞扬服装店,王梅波,
城口县简尚服装店,江东,15023803086
城口县森磊牛仔服装店,王业勇,13509454758
