name,person,phone
重庆锦然服装有限公司,叶鹏图,13224079301
重庆钢都服装有限公司,余宗良,68919216
重庆孔继寒服装有限公司,唐颂,15111826730
重庆新维多仕服装有限公司,彭晓刚,13527555554
重庆追派服装有限公司,王天然,18983848484
重庆英特波尔服装有限公司,陈小英,17729679166
重庆春光服装有限公司,王强,023-68523189
重庆旖旎服装有限公司,彭海燕,18702343373
重庆爽豪服装有限公司,莫武胜,18008355918
重庆涯扑服装有限公司,付正香,17723583843
重庆市滨和服装有限公司,肖明,13618257874
重庆市江北区跃进服装加工厂,,
重庆新祺服装有限责任公司,陈俊祺,
重庆依人坊服装销售有限公司,陈立华,
重庆市腾翔服装有限责任公司,腾晓琴,15723257341
重庆市大渡口区四楞劳保服装厂,胥勋林,
大渡口区比利熊服装店,邹勤,
重庆三鑫车辆配件厂有限责任公司,周廷瑜,023-68837897
重庆市教鸿学具厂,秦峰,15023664617
重庆德慎贸易有限公司,陈纲,
重庆蒙莎服装厂,杨本强,
重庆市制式服装有限公司,刘光平,
重庆象服装饰工程有限公司,彭雅迪,15683191601
重庆北极光服装厂,周治强,
重庆倾国倾城服装设计有限公司,蔡盛,15901405352
重庆市大渡口区四海服装厂,皮开蓉,
重庆新冠服装厂,熊荣辉,18290493175
重庆灿丽服装有限责任公司,付灿丽,15320366112
重庆尚克服装经营部,徐再兰,18908336895
重庆天朝服装有限公司,杨畅,
重庆兴庆服装经营部,王兴苹,18225383085
大渡口区朗陵服装店,陆松陵,
大渡口区京京服装店,廖京京,
大渡口区瑞颖服装店,刘文瑞,
重庆品客思服装有限公司,王华,18323275591
大渡口区可可服装店,陆星,13708321190
重庆李再玥服装厂,李玥,15123105460
大渡口区畅盈服装经营部,刘盈盈,
重庆子扬服装经营部,赵磊,15730296320
大渡口区招积兔时尚服装经营部,萧利平,18680851057
重庆康硕服装经营部,黄雪松,15310975763
重庆蓝皮鼠服装经营部,李勇,18696625892
大渡口区四季服装城,程文,
重庆杰尚服装经营部,刘朋,15213222681
大渡口区斐格思服装店,李进,
大渡口区森帝服装商行,王森林,
重庆胖衣伴服装有限责任公司,郑利琴,18580029728
重庆冶金轧钢加工厂服装辅料厂,李铧,
安莉芳（中国）服装有限公司重庆大渡口专卖店,岳钟禄,
大渡口区后街男孩服装店,陈子静,13032329989
重庆市大渡口区饰伦劳保服装厂,王向东,13896187537
大渡口区心心相应服装店,祁伟利,
重庆玛塔塔服装经营部,胡静,15980524256
大渡口区人源服装经营部,郭人源,
重庆市大渡口区富达服装鞋业公司,张泽明,
大渡口区博胜服装店,邓书平,15909378997
大渡口区古兰居服装店,黄军,13996116997
大渡口区槿色服装经营部,童莲,
大渡口区露露服装店,陈永平,
重庆市宋闯服装经营部,张学忠,15123105460
重庆博外服装经营部,胡超,68939166
大渡口区俊豪服装经营部,李平,68917556
大渡口区女人天地服装店,曾维芳,13983633890
大渡口区荣荣劳保服装厂,王荣,18290493175
大渡口区萌宝贝服装店,郑颖,
重庆谨滔服装经营部,顾琴,13983493611
大渡口区牟婧服装经营部,牟婧,
重庆市大渡口区四新服装厂,胥静,13368084522
重庆市大渡口区勋屹服装销售部,熊杰,15310168566
大渡口区拉拉风格服装店,罗娜,18502365161
大渡口区刘琴服装店,刘琴,68551277
大渡口区沙琳路服装店,管静,18623068900
大渡口区渝盈服装店,林其飞,
重庆旭秋服装设计工作室,唐文军,86565429
重庆市大渡口区喵大姐服装经营部,王媛,15923028210
大渡口区珏秀服装经营部,彭金浪,
大渡口区云秀风尚服装经营部,李丹,18314269365
重庆市大渡口区哆啦哆啦服装经营部,宋兵,13060218149
重庆市大渡口区花想容服装店,张巧,
大渡口区貂皮世家服装经营部,郑亚军,
重庆非童服装经营部,赵玉玲,13436171728
大渡口区箩伦风服装店,罗恩琴,
重庆市维幼娜服装销售部,雷泽容,18983981815
重庆市馨湘服装经营部,陈小梅,13594225868
大渡口区维多仕服装经营部,程运涛,15320388407
大渡口区李秀兰羊绒服装店,李秀兰,13320204935
重庆大渡口日月服装厂,周忠明,
重钢产业公司商业贸易公司服装部,周华,
重庆人民服装厂渝生商场,江渝生,
重庆人民服装厂钢铁路食店,肖永碧,
重庆市大渡口区汉邦服装工作室,袁昌清,15823104358
大渡口区壹街购物中心雅柔服装店,王洪跃,18375830293
重庆钢铁（集团）有限责任公司,刘大卫,023-68846155
重庆市大渡口圣喜服装厂,刘红,
重庆市大渡口春回老年服装用品商店,李成业,
重庆市万家燕大药房连锁有限公司,燕宏,023-68080300
野马时力（北京）服装有限公司重庆新天泽分公司,黄敏,
重庆桂金建筑劳务有限公司,何永祥,13036366261
重庆市大渡口区眼镜雕刻商行广州服装加工厂,肖功学,
重庆龙厦房地产开发有限公司,戴静,61593158
