name,person,phone
重庆伦华服装有限公司,覃伦华,18996292118
重庆莘莘服装有限公司,李超,13508395068
重庆市大足区莎斯莱思服装有限公司,代小霞,18375997821
重庆市双桥经开区豪泰服装有限公司,罗成刚,023-43380491
重庆多吉服装有限公司,周德玉,023-43526931
重庆市大足区建东服装有限公司,谭程文,13883843098
重庆市双桥经开区星迈服装有限公司,贺泽灿,18580755918
安戈服装制造（重庆）有限责任公司,李安东,
重庆市大足春苗服装有限公司,徐其镁,13500368888
重庆桓毅服装销售有限公司,向祖德,15310686920
重庆市大足区云网服装有限公司,许鑫,18623092880
重庆市大足区红宝服装有限公司,钟光彬,13883016552
大足区小不点服装店,梁莉,
重庆市大足区澳漫丝绒服装有限公司,王欢欢,15223273923
大足区芳贤服装店,伍小碧,
重庆市大足春苗服装公司,,
重庆徐英服装店,徐英,
大足区装酷服装店,万兴琼,
大足区安尚服装店,袁栋,
大足区高荣服装店,彭高荣,
大足区彤乐服装店,商梅,
大足区点点服装店,肖亚洲,
大足区国辉服装店,何国辉,
大足区天成服装店,陈元富,
大足区覃杨服装店,杨云琼,
大足区张谢服装店,张敏,
大足区希欧服装店,罗玉洪,
大足区丫丫服装店,王冬冬,
大足区阿莲服装店,廖和菊,
大足区鸿发服装店,胡财红,
大足区芳芳服装店,陈宣明,
大足区绅士服装店,高立江,
大足区巧巧服装店,王丹,
大足区衣多多服装店,蒋剑德,
大足区基诺浦服装店,杨丹,
大足区诗曼芬服装店,谭培英,
大足区人靠衣装服装店,张顺珍,
大足区卡拉贝斯服装店,秦娇,
大足区烊依服装店,冉阳德,
大足区千桐服装店,王虹艺,
大足区小燕服装店,宋禄燕,
大足区斌友服装店,王世斌,
大足区代建服装店,谢代建,
大足区衣涤服装店,左弟明,
大足区安体服装店,袁栋,15923381441
大足区康狐服装店,李林龙,
大足区朴系服装店,何勇均,
大足区霓珍服装店,黎功珍,
双桥经开区下装服装经营部,唐欢,
大足区艾依橱服装店,肖美娟,
大足区女人韵服装店,韦春梅,
大足区简纳斯服装店,刘欢,
大足区名媛衣品服装店,倪娅丽,
大足区亮丽服装经营部,朱小平,
双桥经开区鑫潮服装店,肖相国,
双桥经开区英华服装店,张华英,
大足区巴山服装经营铺,黄宗敏,
大足区宏月服装经营部,文宏月,
双桥经开区洋洋服装店,杨洋,
大足区战旗服装经营部,彭壮,
大足区雅泰服装经营部,蒲小进,
大足区尚上服装经营部,邓莲,
大足区袁生奎服装店,袁生奎,
大足区梁汇敏服装店,梁汇敏,
大足区芘芘我服装店,郑世会,
大足区鄂之俊服装店,周来富,
重庆绿肥红瘦服装设计工作室,饶云凤,
双桥经开区召利服装店,刘召利,
大足区三月服装工作室,贺佳,
大足区珂依服装经营部,王珂,
大足区叁色服装经营店,徐梅,
双桥经开区正梅服装店,宋正梅,
大足区风雅一格服装店,唐发秀,
双桥经开区倩熏服装店,沈勇,
大足区贰加服装专卖店,杨梅,
大足区新依裳服装中心,钟华玉,
大足区雍宣服装经营店,陈宣汉,
大足区粤程服装加工厂,何芳,
大足区衣美服装经营部,张兰,
大足区雅品居服装经营部,黄继红,
双桥经开区王然丽服装店,王然丽,
双桥经开区歌蒂图服装店,李川,
大足区优米熊服装经营店,张晓蕾,
大足区强龙梦服装经营部,唐万强,
双桥经开区汇宝服装经营部,谢木玲,
双桥经开区蓝妃名媛服装店,唐世兵,
双桥经开区童童服装经营店,罗高强,
双桥经开区爱夏服装销售店,司道均,
双桥经开区紫色花语服装店,林海,
重庆市大足区罗永祥服装店,罗永祥,
双桥经开区四月服装经营部,杜鑫,
大足区潮男牛仔服装经营部,张德林,
大足区龙水镇肖肖服装店,杨静,
双桥经开区伊湄斯服装店,刘灿婷,
双桥经开区百慕彩服装经营店,何平,
重庆市大足区李琼服装批发店,李中琼,
大足区八零穿搭间服装店,陈贞丽,
双桥经开区黄刚易购服装经营部,黄在刚,
重庆市大足区连莲鸿服装店,龙令碧,
双桥经开区琳依秀服装经营部,蔡玲,
