name,person,phone
重庆祝衣郎服装有限公司,王海涛,13512326606
重庆超丽服装有限公司,黄兴发,18581350638
重庆杰仕服装有限公司,周莉,15683810697
奉节县坤林服装有限公司,朱远学,15223672665
奉节县柒柒玖服装有限公司,付鸿鹄,
重庆权信服装有限公司,张廷梅,13224953888
重庆市奉节县祥益服装销售有限公司,肖月,
奉节县永贵服装制造有限公司,陈永秀,13452604813
奉节县仙仙服装设计有限公司,王仙仙,18208121689
奉节县李正安服装制造有限公司,李正安,15023465790
奉节县容姐服装店,费德容,
重庆市奉节县恭派服装零售有限公司,柳建平,
奉节县苟姐服装店,苟世平,
奉节县志玉服装店,陈志玉,
奉节县春宇服装店,万春宇,
重庆市国土房管局奉节特殊教育希望学校服装厂,曹文喜,15823795488
重庆辉碧服装有限公司,马林万,
奉节县云洲服装店,谢范友,
奉节县明士服装制造厂,郑明士,17726692713
奉节县凤鸣服装店,毛凤鸣,15826456455
奉节县宗祥服装销售部,石宗祥,15826368608
奉节县昌军服装超市,熊军,15320662820
奉节县志清服装销售部,余志清,13896959438
奉节县小孙服装店,李永红,
奉节县东升服装厂,罗升敏,15223790508
奉节县斌斌服装店,贺龙斌,
奉节县云娇服装店,叶新平,18223873598
奉节县女主角服装店,冉井纲,
奉节县海蓉服装店,黄俊海,13712136348
奉节县帼色服装店,贺永聪,18580925657
奉节县魏柳服装店,魏柳,
奉节县恋颜服装店,姚彬然,13228521918
奉节县张敉服装店,张敉,15310051112
奉节县陈慧丹服装店,陈慧丹,
奉节县夔发服装店,马发军,13193228508
奉节县巴蜀服装销售部,匡健明,13896925981
奉节县书林服装经营部,邬书林,15123506340
重庆市观筑服装有限公司,黄海林,
奉节县傲丝度服装店,苏剑,13452618191
奉节县衣范服装店,喻聪,
奉节县1981服装店,孙琳,
奉节县汉高服装制造厂,李汉高,15696557727
奉节县思云服装店,柳杨,
奉节县青云服装经营部,严清云,15202301893
奉节县诱货服装店,马品芳,18323644789
奉节县渝彩服装店,彭翔,
奉节县非凡服装店,张鹏,
奉节县祖彩服装制造厂,张祖彩,18716779133
重庆唐纳服装有限责任公司,邓红军,
奉节县贤君服装经营部,羊文君,13896292166
奉节县玲子服装店,陈伦波,
奉节县姝姝服装店,胡姝,
奉节县唐装服装店,李宗毅,
奉节县一品衣童服装店,张冬平,13635734935
奉节县彭怡服装店,彭怡,
奉节县亮亮服装店,吴亮,
奉节县豆豆服装网店,解兵,
奉节县小玉服装店,欧小玉,18223620166
奉节县酷正服装店,左国振,
奉节县艾伦服装经营部,林世平,
奉节县佳缘服装经营部,刘泽明,13272546111
奉节县纳哥服装店,杨越,
奉节县瑜丰服装店,陈焱,
奉节县思媛服装店,游思思,
奉节县朱妹子服装店,杨升东,15202356226
奉节县维坤服装有限公司,沈维坤,
奉节县珍妮芬服装店,刘超,
奉节县西域服装店,赖兵,13896210178
奉节县李明玥服装店,李明玥,
奉节县培江服装批发部,柳培江,
奉节县童心童意服装批发部,谢玲,
奉节县黄培斌服装加工厂,黄培斌,13594778628
奉节县惠裕服装经营部,曹斌,17783685460
奉节县刘勇服装店,刘勇,
奉节县王劲服装经营部,王劲,13996663588
奉节县高旗服装店,高旗,
奉节县正河服装制造厂,袁欣,15223682271
奉节县图恩服装店,毛宇,
奉节县潘姐服装城,喻勇,
奉节县索图服装店,罗军,18883502989
奉节县范儿服装店,罗朝晖,
奉节县肖鹏服装店,肖鹏,
奉节县佳佳服装店,徐昆,
奉节县赵丹服装店,赵世伟,
奉节县勇弟服装店,陈勇,
奉节县李浩宇服装店,李浩宇,
奉节县岚琪儿服装店,邱洪,15023412371
奉节县周平服装店,周平,
重庆市步宇服装制造有限公司,刘英,18696809677
奉节县小瑞服装店,杨松,
奉节县馨馨服装店,张凤,
奉节县伦珍服装销售部,张伦珍,15310701033
奉节县均均服装店,王锦林,
奉节县家福乐服装城,陈智强,15523780868
奉节县尚思惠服装店,张中新,
奉节县九树服装超市,李林森,13212585703
奉节县浪子服装店,刘浪,
奉节县紫藤罗服装店,吴立强,15978958868
奉节县唐洋服装店,杨辉,
奉节县颜红平服装店,颜红平,
