name,person,phone
巫山县起源服装有限责任公司,陈孝林,15923468486
巫山县天锐服装制造有限公司,李世燕,
巫山县恒发服装有限公司,邓依菊,18580938092
重庆绿城服装有限责任公司,姚华,17725177373
巫山县尚崇服装有限责任公司,陈孝林,15923468486
巫山县朝发服装有限公司,董泽奎,023-57857041
巫山县登卓服装有限公司,王庭贵,15923469919
巫山县元如源服装有限公司,卢荣,15923468468
巫山县哲霖服装有限公司,王绍珍,15923468486
巫山县东琳服装有限公司,袁宏柱,13131313000
巫山县李仁红服装有限公司,李仁红,13598797945
巫山县明华服装有限责任公司,张维明,023-57854271
巫山县凯达服装有限责任公司,陈昌权,13896247465
巫山县上洋坪服装制造有限公司,郭玉海,19823116128
巫山县靓衣装服装店,任仕保,
巫山县引领人服装店,袁明琴,
巫山县美艳服装店,李美均,
巫山县主角服装店,杨红梅,
巫山县明美服装店,黄维明,
巫山县平平服装店,刘玉平,
巫山县老五服装店,王克庆,
巫山县风笛服装店,何文清,
巫山县华裳服装店,谢见华,
巫山县依恋服装店,谭开梅,
巫山县友林服装店,毛友林,
巫山县梅子服装店,骆成学,
巫山县艳艳服装店,冯艳,
巫山县老三服装店,王克静,
巫山县宝琳服装店,晏吉玲,
巫山县百亿服装店,徐昌炼,
巫山县玮玮服装店,龚梓微,
巫山县荣萍服装厂,郑远萍,
巫山县红红服装店,王成,
巫山县红菊服装店,黄红菊,
巫山县心馨服装店,周林,
巫山县雅鸿服装店,吴保珍,
巫山县万客隆服装店,周南彬,
巫山县艾薇尔服装店,罗玲,
巫山县路客服装商店,刘俊兰,
巫山县王小玲服装店,王小玲,
巫山县依之缘服装店,曹仁芳,
巫山县依佰思特服装店,黄丹丹,
巫山县依衣不舍服装店,杨坤容,
巫山县柒久服装店,谭明,
巫山县月亭服装店,张艳玉,
巫山县小玥服装店,何蕾,
巫山县渝鄂服装店,冉小凤,
巫山县林集服装店,李思和,
巫山县缇菲服装店,曾艳琼,
巫山县名雄服装店,吴名雄,
巫山县向萍服装店,向萍,
巫山县纤曼服装店,陈文琼,
巫山县荣爱服装店,周玉梅,
巫山县先珂服装店,熊丽,
巫山县彩姐服装店,骆运彩,
巫山县倩子服装店,张龙华,
巫山县琪家服装店,陈忠保,15223777405
巫山县都市恋人坊服装店,付桂珍,
巫山县淘衣吧服装店,康传全,
巫山县巴雷哑服装店,彭晓玲,
巫山县杨自学服装店,杨自学,
巫山县欧日韩服装店,易元珍,
巫山县章玉燕服装店,章玉燕,
巫山县唐先生服装店,唐孝雄,
巫山县侯永美服装店,侯永美,
巫山县石光姝服装店,石光姝,
巫山县梦夫人服装店,黎平,
巫山县胡振俊服装店,胡振俊,
巫山县陈登桂服装店,陈登桂,
巫山县西米雪服装店,谢春芳,
巫山县明星儿童服装店,丁星星,
巫山县润德服装经营部,刘毅,
巫山县自力更新服装店,田孝敏,
巫山县大地服装批发部,刘显伟,
巫山县林琼服装经营部,林琼,
巫山县婷婷服装经营店,黄成桃,
巫山县心语心愿服装店,马兴菊,
巫山县星期天服装商场,雷长梅,
巫山县新发服装经营店,周林,
巫山县独家服装销售店,李奎,
巫山县芳芳服装经营店,毛永见,
巫山县海涛服装经营店,彭海涛,
巫山县玉燕服装经营店,冯玉艳,
巫山县依然有缘服装店,吕世琼,
巫山县海英服装销售店,马海英,
巫山县韩范衣舍服装店,魏明菊,
巫山县灵秀服装销售店,黄梅,
巫山县衣多多服装经营店,易春红,
巫山县秋之恋服装店,付官琼,
巫山县她的店服装店,陈丽,
巫山县谭远菊服装店,谭远菊,
巫山县戴时平服装店,戴时平,
巫山县冯学琼服装店,冯学琼,
巫山县欧布豆服装店,曹金林,
巫山县斌依服装经营店,赵斌,
巫山县衣马当先服装店,黄凡,
巫山县以诚相待服装店,李美涛,
巫山县春春服装经营部,张堂春,
巫山县傲澳洲际服装店,鲁文琼,
巫山县道英服装经营部,龚道英,
