name,person,phone
重庆市恒华服装有限公司,谭传于,18523254469
巫溪县伟翔服装有限公司,向廷伟,
巫溪县锦豪服装制造有限公司,赵朝,17039905333
巫溪县亿金服装有限公司,黄亿金,13896240303
巫溪县彬杰服装有限公司,张皇,13008381492
巫溪县雁皇服装有限公司,向平,13635398325
巫溪县佳艺服装有限公司,李燕明,18996630567
巫溪县瑞丽服装有限公司,赵培琼,13996602628
巫溪县国兰服装有限公司,袁昌兵,18680918899
巫溪县兰月儿服装有限公司,杨杰香,15023892722
巫溪县兰桂坊服装有限公司,贺娟,15123503818
巫溪县秀星服装有限公司,周运和,15923436337
巫溪县国芝服装有限公司,李国芝,15178906902
巫溪县杰玲服装有限公司,汤勇强,13388934889
巫溪县青芒果服装有限公司,华德银,18323552456
巫溪县冷色调服装有限公司,吴畏,51527644
巫溪县鑫耀服装加工有限公司,刘应松,13272698727
巫溪县平艺服装加工有限公司,余学平,15123547388
巫溪县静姐服装店,何成俊,
巫溪县姜姐服装加工有限责任公司,姜春敏,15870403567
巫溪县恋衣阁服装店,陈永凤,
巫溪县依文诺丁山服装店,刘丽娟,
巫溪县梵扣服装店,向必英,
巫溪县郑蓉服装店,郑蓉,
巫溪县皓涵服装店,谢力勇,
巫溪县便利服装店,龚道品,
巫溪县缪斯服装店,王绪落,
巫溪县炫酷服装店,骆雪琳,
巫溪县谜秀服装店,张明伟,
巫溪县雄华服装店,左雄华,
巫溪县名流服装店,金丽钧,
巫溪县益品服装店,齐亚玲,
巫溪县韩尚服装店,肖连润,
巫溪县大洋服装店,王洪琼,
巫溪县品尚服装店,刘金碧,
巫溪县龙兰服装店,龙海洪,
巫溪县李伟服装店,李伟,
巫溪县新丝路服装店,周光发,
巫溪县梦之家服装店,宋泽玉,
巫溪县千姿惠服装店,张弟燕,
巫溪县薇莲服装店,姚开美,
巫溪县衣朵服装店,许明清,
巫溪县闰秀服装店,何宗梅,
巫溪县青青服装店,吴增庆,
巫溪县聚优服装店,陈宗涛,
巫溪县蝶幻服装店,刘本柱,
巫溪县宜立服装店,卢从军,
巫溪县周光桂服装店,周光桂,
巫溪县林小群服装店,林小群,
巫溪县谢忠敏服装店,陈冬冬,
巫溪县皮小王服装店,王琼,
巫溪县独角兽服装店,李根全,
巫溪县姗姗家服装店,冉雪远,
巫溪县周玉平服装店,周玉平,
巫溪县钱俊服装销售店,华钱俊,
巫溪县小新服装经营部,李智泉,
巫溪县李东服装零售店,李东东,
巫溪县从来服装零售店,冷从来,
巫溪县张海服装销售店,张兴满,
巫溪县尚品潮汇服装店,向晓梅,
巫溪县冉冉服装加工店,冉隆琼,
巫溪县王煜服装批发店,王煜,
巫溪县飞飞欧依服装店,周飞,
巫溪县李铭服装零售店,李正华,
巫溪县路路千寻服装店,严兵,
巫溪县曾凡平服装零售店,曾凡平,
巫溪县葛琳若服装经营店,董必芳,
巫溪县奥玥莱服装店,郑小枚,
巫溪县谭治庆服装店,谭治庆,
巫溪县一颗星服装店,王玲,
巫溪县胖姐服装批发部,张成珍,
巫溪县思虎服装销售店,石思虎,
巫溪县俊东服装经营店,胡波,
巫溪县大敏服装经营店,汤大敏,
巫溪县国用服装销售店,谭国佣,
巫溪县泊沁服装经营店,吴志燕,
巫溪县兴欣衣市服装店,钟光梅,
巫溪县超哥服装销售店,向超,
巫溪县双双儿童服装店,向定先,
巫溪县秋米果服装经营店,王良兵,
巫溪县迷你小美屋服装店,舒蕾,
巫溪县李柏莲服装销售店,李肇莲,
巫溪县郑达海服装零售店,郑达海,
巫溪县吕珍伦服装销售店,吕珍伦,
巫溪县优雅格服装经营店,陶俊彬,
巫溪县王喜章服装零售店,王喜章,
巫溪县徐立凤服装零售店,徐立凤,
巫溪县靓衣轩服装经营部,吴利花,
巫溪县田公子服装经营部,田清山,
巫溪县刘杰英服装销售店,刘杰英,
巫溪县咚咚屋儿童服装店,田聪玲,
巫溪县很高兴遇见你服装店,李昌俊,
巫溪县男女依酷服装经营部,熊跃俊,
巫溪县七彩童年服装经营店,段炳丹,
巫溪县陈玉芝服装经营商店,陈玉芝,
巫溪县仟品优棉服装店,严兵,
巫溪县文峰镇纤怡服装店,胡德坤,
巫溪县姚锁杨服装零售店,姚鎻杨,
巫溪县唐长学服装零售店,唐长学,
巫溪县陈未华服装经营店,陈未华,
