name,person,phone
重庆脚踏实地服装设计有限公司,汪冉,17623725802
重庆鹏致服装有限公司,李伟,15683810697
重庆量子服装制造有限公司,马晓燕,
重庆诺蒂服装有限公司,付信兰,13368329713
重庆缔盟服装有限公司,唐瑞光,15320236589
重庆福莱尔服装有限公司,蒋燕,18523517163
重庆裕隆祥服装有限责任公司,张靖,
重庆市巴南区麒龙服装工业城商会,王森林,62855083
重庆尔巨服装有限公司,何光亮,13372638363
重庆帕杰罗服装有限公司,游培会,13388999933
重庆思媛服装有限公司,帅泽文,
重庆与赋服装设计有限公司,傅世燕,17708311779
重庆安达服装有限公司,罗天伟,15025453813
重庆阿莎贝佳服装有限公司,唐均才,13983018380
重庆嘉舞服装有限公司,游世军,13883980108
重庆新雷笙服装有限公司,雷长春,13452995371
重庆市巴南区栋苇服装加工有限公司,张家琼,
重庆睿涵服装设计有限公司,曹铭,18696569291
重庆聚佳服装有限公司,谢国英,13452189646
重庆出色服装有限公司,胡带林,15826075899
重庆琅郧服装有限公司,周建军,18166523716
重庆晶洪境服装有限公司,周维梅,
江尔曼服装（重庆）有限公司,韦玉莲,15320810849
重庆硕迪服装有限公司,黄平,15826008865
重庆伽佰俐服装有限公司,冉东,18680802392
重庆奔菲服装有限公司,高飞,15825998084
重庆禄梦服装有限责任公司,王强,
重庆予颖服装设计有限公司,曹铭,18696569291
重庆雾鲤服装设计有限公司,刘宝骏,
重庆胖美丽服装制造有限公司,牟博珺,15923969015
重庆蛮资服装有限公司,杨焱,15696439289
重庆才金服装有限公司,刘才金,
重庆诺薰服装有限公司,刘维,
重庆帝弗服装有限公司,刘德财,17725017123
重庆市巴南区尚佳服装有限公司,唐欣,13509440670
重庆凌维服装零售有限公司,瞿玲,15111855664
重庆哆哆咪咪服装有限公司,雷仲生,13883693221
重庆睿朗服装有限公司,杨松,17384716781
重庆丝锦服装有限公司,周志强,18725892769
重庆市古步服装有限公司,蒋光奎,18623089120
重庆天峰服装有限公司,方柳青,15683289912
重庆爱与吻服装有限公司,张义喜,67113362
重庆铭浩服装有限公司,刘光强,15922742220
重庆曼特服装有限公司,邓俊秀,
重庆稻禾服装有限公司,王小君,13883801818
重庆霄阳服装制造有限公司,王德阳,
重庆琨琪服装有限公司,陈华,62810706
重庆市丹乐服装有限公司,吴玉珍,13983966269
重庆恒於服装有限公司,张琪,
重庆初言服装有限公司,易乐,
重庆春熙服装有限公司,胡春梅,13038300318
重庆市富升服装有限公司,朱红刚,62339001
重庆雨子衿服装有限公司,李露,18996083271
重庆熙熙妹服装有限公司,唐波,
重庆艾安利服装有限公司,梁广伟,13238383381
重庆市安福服装有限公司,刘洋,15111929888
重庆简舒宜服装有限公司,冯学会,13883801818
重庆斯维张服装有限公司,张斯维,15922958215
重庆祥合服装加工有限公司,李秋容,
重庆坤坤服装刺绣有限公司,莫敏,
重庆辰帆服装设计有限公司,曹露莹,
重庆优华服装销售有限公司,陈立华,
重庆芳泽服装制造有限公司,梁石宇,
重庆广易纤依源服装有限公司,杨丹,
重庆永仕伦服装有限公司,辜夕松,13883839126
重庆香琦儿服装有限公司,童思刚,13983920232
重庆佳婷全服装有限公司,陈首全,17623467396
重庆蝶雨晨萱服装有限公司,曾德彬,
重庆钰婕服装设计有限公司,李采容,15922789096
重庆星薇姿服装有限责任公司,蒋宗群,
重庆宸轩赫服装有限责任公司,黄宗泽,13983229437
重庆市强越服装设计有限公司,李强明,18523199628
重庆市巴南区君豪服装有限公司,廖龙均,15223167792
重庆奔旭和服装加工有限公司,黄克锁,13983988896
重庆泯旭服装加工有限责任公司,陈泯旭,
深圳汇骏服装有限公司重庆巴南万达广场店,张庆华,023-86218294
重庆清淼科技有限公司,白雪松,17723583843
重庆杰波树文化传播有限公司,左华高,18983040434
重庆宝姣汽车销售有限公司,何剑波,15320370600
重庆尚蕾伊服饰有限公司,刘德财,17725017123
重庆三峡服装厂,康群,
重庆卡埃迪服装皮件公司,朱志孝,
重庆振豪服装商贸城有限公司,叶能,
重庆市麒龙服装工业发展有限公司,田孟生,023-62868905
重庆市隆臣帝海服装有限公司,胡海川,15923030356
重庆神羽服装厂,罗达林,
重庆合州服装有限公司,左启燕,
重庆市昱博服装厂,朱儒国,18702393266
重庆缇贝妮服装有限公司,唐欣,023-63938518
重庆三棱婧服装有限公司,李傑惠,13983211038
重庆薇依格服装有限公司,李成琼,17772426610
重庆壹加衣服装有限公司,邓伟,18908381661
重庆荣贵服装厂,吴启云,13368106000
重庆市政泓服装厂,尹自红,13638320597
重庆市巴南区鸿鑫服装水洗厂,廖成芬,18523822322
重庆洪皓服装有限公司,朱永平,13996353949
重庆文宇服装有限公司,董文波,13636429083
重庆尔盛服装有限公司,周保荣,
重庆盈百佳妮服装有限公司,刘光碧,15178779778
重庆纱妃炫倪服装有限公司,刘凡,15340488239
