name,person,phone
重庆立达服装有限公司,王进山,13500094495
重庆市戴利服装有限公司,翁耿楷,023-52983169
重庆市开州区服装行业协会,周景灿,
重庆清桥龙服装织造有限公司,周荣琼,15178957576
重庆燕宇服装有限公司,王艳,
长沙服装大厦,,
重庆光祥服装有限公司,姜光祥,
重庆市开州区润峰服装有限公司,刘相玲,15023831828
重庆市开州区美悦服装有限公司,傅建波,023-85505555
开县志华服装有限公司,王定军,13678679678
重庆清桥龙服装织造有限公司二分公司,张昆贤,13896980805
天和服装商厦有限公司,,
重庆市开州区远鹏服装有限公司,李远芬,15826338588
重庆星瑞服装销售有限公司,陈雪银,
开州区文春服装店,张林,
重庆盈进服装有限公司,王楚元,15310019966
重庆市开县威尼斯服装有限责任公司,万亚均,15320772299
重庆万鑫同服装有限公司,唐加林,15826321358
重庆谷凤服装零售有限公司,杜辉,
重庆柏勤服装零售有限公司,任芳,
重庆市开州区鑫盛服装有限公司,张建华,023-52661888
重庆市开州区领晟服装有限公司,王英,13693358613
重庆立达服装有限公司平桥分公司,王进山,
重庆立达服装有限公司大德分公司,王进山,18183135333
开州区依卡服装经营部,范军,
开州区鸿运服装店,张建英,52229786
开县发达服装加工厂（普通合伙）,-,15826338982
开县腾富服装厂,唐腾富,15178957576
开县世纪兴业服装有限公司,黎光敬,
重庆昆贤服装有限公司,向祖美,13896980805
重庆市开州区昌武服装有限公司,赵昌武,15923895123
开县瑞高服装厂,熊昌军,18629040896
开县永鑫隆服装厂,彭美诚,15025557102
重庆艾米小熊服装有限责任公司,陈咸军,15223576616
开县际平服装加工厂,张际平,15084464611
重庆依仕高服装有限公司,孙冬梅,023-52675555
开县千寻服装门市,崔洪翠,
开县世祥服装经营部,郑世祥,13817388812
开县大众服装店,王连岸,13272963888
开县海龙服装加工厂,尹继海,15320753010
开县男眼服装店,田记全,
开州区马克华菲服装店,向镜,18002368777
开县小陈服装店,罗沙沙,
开县林林服装经营部,张其林,15123435042
开县尚祥服装超市,熊尚祥,13594800271
开县雅知服装经营部,黎开萍,13628209332
开县辉亚服装店,傅亚辉,13896997996
开县德永服装经营部,蒋德永,13896361791
开县华莉服装有限公司,尹国翠,
开县成佳服装经营部,李成佳,15826328005
开州区兰草服装店,邱孝蓉,
开县明翠服装店,邓承明,13628226226
重庆福禧服装有限公司,王蓉,
开县必灿服装经营部,彭必灿,15223607319
开州区顺丰服装店,刘澄,
开州区欧度服装店,涂骏,15023897206
开州区美美服装店,祁美桃,
开州区唯诺服装店,耿江,
开州区旋风服装店,陈云,
开州区雅琪服装店,李建平,
开县仁美服装店,林仁美,15023415658
开县中天服装超市,胡潇,13896201360
开县万友服装店,袁进,
开县百佳服装经营部,刘志新,15084338576
开县尚美服装城,徐坚,
开县娇娇服装经营部,查天翠,13628429173
开县黎侠服装经营部,黎骋,15523621499
开县淑格服装经营部,孙章翠,52264028
开县名扬服装经营部,袁本琼,13594810003
开县龙玲服装加工厂,龙从碧,13996677787
开县秋波服装经营部,邱条波,13436299073
开县恩兰服装经营部,彭恩兰,15215278282
开县杉杉服装加工经营部,李汉玉,15978946788
开州区百伊阁服装店,王元摇,
开县标志服装有限责任公司,朱大国,
开县靓度服装经营部,赵发平,13330312599
开县艾音服装经营部,崔孝勇,13896280063
开县可可服装店,陈进,18623619090
开州区小何服装店,何功碧,13896267056
开县博源服装城,黄宏亮,15084326042
开县梦怡服装加工厂,朱兴敏,52890165
开县宏运服装店,刘宏,52252806
开州区欧裳服装店,李小青,
开州区有余服装店,杨红卫,
开州区三月服装店,付元江,
开县衣衣布舍服装经营部,余滔滔,13896900014
开县雨腾服装经营部,付林清,13436266679
开县雷辉服装店,雷小辉,15084363755
开县定喜服装经营部,严定喜,13452151999
开县生庆服装加工厂,刘生权,13635378783
开县港洲百货服装有限公司,候兴钱,
开州区小小默服装店,单位,
开县应才服装经营部,郑应才,13668458634
开县德翠服装经营部,彭德翠,17783204199
开县前波服装经营部,杨前波,58733533
开县作平服装加工厂,伍作平,13594742201
开县钢钢服装门市,张钢,
重庆市开州区胡权服装经营部,胡朝权,13098656888
开县建辉服装厂,赵辉,023-52535706
开县韩流服装店,熊浩,
