name,person,phone
重庆美澄服装股份有限公司,兰波,
彭水县海生服装有限公司,蔡东海,
彭水县玲玲服装店,陈勇,15123752833
重庆市有子有福服装贸易有限公司,李永发,13648283888
彭水县方玉娟服装店,方玉娟,
彭水县梦梦服装店,张琳,17382388630
彭水县拾叁服装店,程甄,
彭水县秋杨服装店,邱利平,
彭水县中兰服装店,王光强,
彭水县刘象服装店,刘象,
彭水县涂涂服装店,涂金慈,
彭水县乐洋服装店,罗亚芳,
彭水县梓睿服装店,向佳豪,
彭水县清清服装店,李小兵,
彭水县平平服装店,王小平,
彭水县和和服装店,周和平,
彭水县靓丽服装店,吴代江,
彭水县龙鑫服装店,朱万龙,
彭水县嫣然服装店,刘嫣然,
彭水县李翼服装店,杨显坤,
彭水县殷秋服装店,殷秋,
彭水县尚格服装店,赵静,
彭水县孙氏服装店,孙小立,
彭水县翔鑫服装店,肖成辉,
彭水县原初服装店,吴胜会,
彭水县尚美服装店,刘厚川,
彭水县圣云服装店,李方圣,
彭水县鑫元服装店,庹增建,
彭水县心悦服装店,倪勇,
彭水县凯凯服装店,陈芳,
彭水县建成服装店,毛成建,
彭水县王梅服装店,王小梅,
彭水县兰松服装店,何兰松,
彭水县唐唐服装店,唐江梅,
彭水县天后服装店,陈昌勇,
彭水县天使服装店,张杰,
彭水县昌云服装店,胡昌云,
彭水县君子服装店,胡洪芳,
彭水县大喜服装店,张庆玲,
彭水县小小服装店,李晓芮,
彭水县高凤服装店,高林珠,
彭水县型男服装店,万建香,
彭水县伊伊服装店,豆丽娟,
彭水县玉芝服装店,宋玉芝,
彭水县耀扬服装店,孙晓平,
彭水县裕春服装店,吴玉春,
彭水县阿凡卓服装店,曾庆纯,
彭水县欧抱抱服装店,徐永花,
彭水县泽凤服装店,淳泽凤,
彭水县尉哲服装店,赵仁平,
彭水县文施服装店,文建,
彭水县元宽服装店,王元宽,
彭水县诺衣服装店,李志杭,
彭水县永波服装店,张永波,
彭水县元红服装店,李元红,
彭水县光芬服装店,陈光芬,
彭水县百潮服装店,唐座,
彭水县晓娟服装店,谢晓娟,
彭水县云厅服装店,肖云厅,
彭水县立娟服装店,潘立娟,
彭水县熙尧服装店,蔡丛庆,
彭水县老姐服装店,文建虹,
彭水县赋衡服装店,任洪亚,
彭水县迷粉服装店,杨宗福,
彭水县贞群服装店,邓贞群,
彭水县陌兮服装店,马桂平,
彭水县川欣服装店,曾化川,
彭水县泗森服装店,王永华,
彭水县立娜服装店,代立娜,
彭水县刘姐服装店,刘美,
彭水县依吻服装店,马店芬,
彭水县红娅服装店,赵红娅,
彭水县墨彦服装店,王红梅,
彭水县马启康服装店,马启康,
彭水县贝乐陶服装店,吴均昌,
彭水县依雪曼服装店,饶婧然,
彭水县魏淑娟服装店,魏淑娟,
彭水县尚优购服装店,马琼,
彭水县吴国林服装店,吴国林,
彭水县相依美服装店,彭单,
彭水县小时光服装店,郑望,
彭水县贝贝家服装店,黄小娟,
彭水县陈伽伽服装店,陈小洪,
彭水县彭小玉服装店,彭小玉,
彭水县童依阁服装店,晏琼,
彭水县寻常惦服装店,周丽敏,
彭水县名媛会服装店,王小刚,
彭水县秀起来服装店,许洪秀,
彭水县何林蔚服装店,何林蔚,
彭水县琪丫头服装店,何玲,
彭水县心语服装经营店,黄晓娥,
彭水县广鑫服装批发店,张强,
彭水县张兰服装经营部,冉强生,
彭水县杰尼威尼服装店,王风顺,
彭水县蓉蓉服装经营部,晏淑蓉,
彭水县克芬服装经营部,杜克芬,
彭水县雅炫服装销售店,张小波,
彭水县舜尧服装经营部,杨舜尧,
彭水县张峰服装经营部,张云峰,
彭水县吕琴服装经营店,吕琴,
