name,person,phone
忠县宝成服装有限责任公司,余成碧,13082287908
重庆心宝服装有限公司,张馨予,18696534767
忠县惠宏服装有限公司,袁世华,
重庆忠跃服装有限公司,郭晓骄,13676734548
忠县菁馨服装有限公司,谭亚军,
忠县金声服装厂,周树成,13709454961
忠县白极熊服装有限公司,熊德珍,15202382685
忠县志宏服装有限公司,成翠兰,15123500995
忠县昊新服装有限公司,贺华,
忠县旺隆服装有限公司,郭晓菊,18323622454
忠县俊翔服装有限公司,刘俊,18716767529
忠县鲨鱼服装有限公司,陈曲,15025468250
忠县泽洪服装有限公司,肖霞,
忠县鑫燃服装有限公司,刘英,13983551277
忠县永盛服装有限公司,曾毅,18623204066
忠县尚依服装有限公司,彭康莉,13594744255
忠县小丫服装有限公司,张建,
忠县石木服装有限公司,孙支梅,
忠县冬梅服装有限公司,胡冬梅,
重庆丽夫人服装设计有限公司,杨元格,
忠县欧帝帝服装有限公司,孙连英,13436250173
忠县青松服装干洗服务有限公司,刘洪,13896355456
忠县恩秀服装有限公司,袁恩秀,
忠县菡睿服装有限公司,何仕堂,023-54838001
忠县名宇服装有限公司,邓岗,
忠县涵依服装有限公司,秦华英,15123465988
忠县秋璇服装有限公司,王雪英,15223665788
忠县旭钥服装有限公司,秦胜兵,13452725377
忠县陈妹服装销售有限公司,彭国发,13452715594
忠县平衡服装销售有限公司,彭国祥,15823760140
忠县陈萍服装销售有限公司,陈萍,
忠县慕纱服装销售有限公司,秦桂琼,15084396045
忠县周华服装销售有限公司,周忠华,18290531316
忠县品轩服装销售有限公司,刘小蓉,13658245234
忠县琼华服装销售有限公司,万晓琼,13224918020
忠县雨露服装销售有限公司,杨晓琴,15178950345
忠县哈妹服装销售有限公司,哈正池,15025575588
忠县名杨服装加工有限公司,曹正华,15023499059
忠县得体服装销售有限公司,付莉,13896347388
忠县远望服装制造有限公司,毛昌豹,18696824958
忠县兰秀服装销售有限公司,兰世秀,15310739965
忠县建宏服装制造有限公司,周成洪,13212566979
忠县瑞阁服装销售有限公司,李庆芬,15023477099
忠县小莉服装销售有限公司,熊晓莉,13372745345
忠县霞光服装销售有限公司,田立琼,
忠县伟旭服装有限责任公司,张伟,
重庆欧秀服装销售有限公司,向莉华,13709444401
忠县巡音服装销售有限公司,胡亚琼,17723207879
忠县海霞服装加工有限公司,叶安月,18290267220
忠县云辉服装干洗服务有限责任公司,喻小余,023-54241168
重庆忠佳服装加工有限公司,沈术春,15696210231
忠县忠宝服装加工有限公司,成天宝,15330300660
忠县小梅服装加工有限公司,杨小梅,15870479572
忠县兆文服装销售有限公司,唐兆文,15123466199
忠县秀琼服装销售有限公司,罗秀琼,18697931078
忠县钧琳服装销售有限公司,王小芳,15223529663
忠县全乐服装销售有限公司,何尧,18067913633
忠县瑛瑛服装销售有限公司,明文玲,13668401766
忠县攀熙服装销售有限公司,成小华,13594744255
忠县琉琰服装有限责任公司,冯鸿志,15213590033
忠县雯馨服装有限责任公司,周小花,13452725377
忠县兰倩服装销售有限公司,张华,13983529428
忠县和采服装销售有限公司,陈宗君,
忠县应文服装销售有限公司,陆应文,13594886677
忠县时荣服装制造有限公司,陈时荣,
忠县恒瑶服装制造有限公司,王西,18423237160
忠县翔莱服装有限责任公司,杨雄伟,17623023890
忠县欣希服装销售有限公司,饶海碧,13668495799
忠县太索菲服装加工有限公司,王发林,15023888002
忠县轩盛服装有限公司,曾毅,18623204066
忠县罗丽服装店,罗丽,
忠县美琦服装厂,黄建容,
忠县红燕服装店,高波,
忠县闺蜜服装店,赵春艳,
忠县古尚服装店,谭卫国,
忠县韩流服装店,张健,
忠县姊妹服装店,张旭清,
忠县胤然服装店,杨英,
忠县敏儿服装店,吴华兰,
忠县学燕服装店,罗军,
忠县琉毓服装店,吴双,
忠县优帛服装店,侯至峰,
忠县雯雯服装店,李雯雯,
忠县杨树柏服装店,杨树柏,
忠县贝珞茵服装店,何俸华,
忠县红泽服装经营店,唐晓红,
忠县杨贞服装经营部,杨贞,
忠县丝丽服装经营店,邓秀琼,
忠县翔皓服装批发部,殷海龙,
忠县晶鑫服装销售部,刘晶鑫,
忠县盈利服装加工厂,王书平,
忠县崛起服装加工店,秦大楷,
忠县馨雨服装加工店,秦胜安,
忠县郭记服装经营部,周春兰,
忠县万龙服装销售部,李万龙,
忠县格调服装经营部,陈云英,
忠县衣缘家居服装商店,甘在飞,
忠县余涛服装加工门市,余涛,
忠县蕾琦洛服装店,李国良,
忠县昶运服装经营部,冉晓莉,
