name,person,phone
重庆本修服装有限公司,肖刚,15727276033
梁平县扈家巷服装职业培训学校,余贵炳,53233821
重庆市梁平区扈家巷服装职业培训学校,余贵炳,
梁平区卓信服装店,梁夔凤,
重庆市梁平区腾炎服装销售有限公司,顾啟进,13609436816
梁平区百依百顺服装店,程正权,
重庆海琪服装制造有限公司,黄强,17702358255
重庆诚扬服装加工有限公司,杨克罗,
重庆市梁平区腾语服装制造有限公司,顾啟进,13609436816
梁平区非怡般服装超市,陆振洋,
梁平区佳佳服装店,朱永明,
梁平区爱琳服装店,刘忠友,
梁平区欧雅服装店,尹晓英,
梁平区萍萍服装店,杨萍萍,
梁平区洪莲服装店,涂昌洪,
梁平区依奈服装店,周瑶瑶,
梁平区樱雪服装店,代夏,
梁平区九尾服装店,刘祖波,
梁平区琪丰服装厂,龚昌明,
梁平区唐红服装店,唐晓红,
梁平区柏菲服装店,沈小秋,
梁平区黑蝠社服装店,邓传新,
梁平区长相依服装店,孙方平,
梁平区大盼服装店,唐仁富,
梁平区童艺服装店,郭朝龙,
梁平区忠芬服装店,李忠芬,
梁平区时简服装店,唐金凤,
梁平区春春服装店,陈傲文,
梁平区酷派屋服装店,唐春霞,
梁平区阿口服装门市,叶惠旋,
梁平区好便宜服装店,蒋绍琼,
梁平区吴峰服装经营部,邹波,
梁平区万杰牛仔服装店,唐先娥,
梁平区黄丹服装工作室,黄丹,
梁平区皮皮服装经营店,皮川,
梁平区莎斯莱思服装店,李娟,
梁平区万承忠服装中心,万承忠,
梁平区后街男孩服装店,甘龙,
梁平区酷美服装经营部,高淘,
梁平区千仁服装加工厂,孙泽素,
梁平区卢贤均服装店,卢贤均,
梁平区小黄丫服装店,廖晓华,
梁平区秋之恋服装店,杨朝翠,
梁平区魅衣阁服装店,邹明珍,
梁平区淳彩服装经营部,邓道敬,
梁平区姿颂服装加工厂,唐洪莉,
梁平区凡凡服装专卖店,叶凡,
梁平区涞雅服装经营部,李常君,15923866936
梁平区世芳服装经营部,毛世芳,
重庆市梁平区魏明服装厂,魏代明,18423346215
梁平区伊品荟服装销售店,吴胜英,
重庆市梁平区启明服装厂,唐艺滋,
重庆市梁平区银杰服装店,张安杰,
重庆市梁平区洪洪服装店,王素洪,
重庆市梁平区四时歌服装店,孙月悦,
重庆市梁平区小渝服装店,杨学龙,
重庆市梁平区伯维服装店,詹传清,
重庆市梁平区晏光服装店,梁世光,
重庆市梁平区刘宇术服装店,刘宇术,
重庆市梁平区韩商言服装店,雷婷婷,
梁平区屏锦镇好心情服装店,蒋红毅,
梁平区远荣服装经营经营部,潘远荣,
重庆市梁平区玉兴服装零售店,周玉兴,
重庆市梁平区宏鹏服装零售店,曹金容,
重庆市梁平区吴绪宴服装店,吴绪宴,
重庆市梁平区蜀和服装零售店,许勇,
重庆市梁平区维志服装加工厂,重庆市梁平区维志服装加工厂,
重庆市梁平区桂莲服装加工厂,袁桂莲,
重庆市梁平区蒋红青服装销售部,蒋红青,
重庆市梁平区蓝语轩服装加工厂,唐良云,
重庆鑫富康服饰有限公司,陶于宣,18606083773
四川省三峡羽绒服装厂,谭安生,
梁平县巴郡服装店,谭钦英,13320323832
梁平县三江服装有限公司,吴维乐,
梁平县铭佳服装制造有限公司,王家明,15178938777
梁平区海涛服装店,彭海涛,
梁平县天天服装店,邓小君,
梁平区好久不见服装店,何万军,
梁平县万人迷服装店,吴单丹,
梁平县袁锋服装店,袁锋,
梁平县木木服装店,田燕林,18696859898
梁平区美衣堂服装店,王宇,
梁平县梦想服装经营部,唐大溶,15315029691
梁平县乐乐服装加工店,姜再斌,15178995070
梁平县曼雅服装加工厂,唐召友,13594869879
梁平县金苑服装店,张登福,
梁平县成业服装店,贺成业,
梁平县位位服装经营部,郝义位,19115361797
梁平县德淑服装加工厂,王德淑,13452742997
梁平县典尚服装店,黄亮,
梁平县羽纱服装经营部,陈岭,
梁平县耀盈服装厂,石帅,18083056661
梁平区潮惑服装店,高绪文,
梁平县梓豪服装店,吴松,
梁平县纳芙服装店,曾真,18623472727
梁平县歌芙妮服装店,刘紫薇,
梁平县小会服装经营部,郭泽会,
梁平县小太阳服装店,刘一平,
梁平县名嫒服装经营部,夏宇,15213518958
梁平县唯美服装店,冯俊,
