name,person,phone
武隆区云惠服装店,欧云惠,
重庆市武隆区方圆服装有限公司,冉悦,
重庆市武隆区曼舒淋服装经营部（普通合伙）,彭太连,13896689077
武隆区彭海锦服装店,彭海锦,
武隆县舞之韵服装商行,陈明梅,13896878768
武隆区红苑服装店,林加青,
武隆县新颖服装销售门市部（普通合伙）,-,13896694056
武隆区艾琳服装店,刘忠国,
武隆区珊珊服装店,文平学,
武隆区乖乖服装店,马林娜,
武隆区颜妮服装店,陈燕妮,
武隆区艾唯服装店,欧攀,
武隆区曹丽服装店,欧国强,
武隆区邹文服装店,邹文科,
武隆区灵鹰服装店,杨波,
武隆区丽丽服装店,董世丽,
武隆区博奈司服装店,廖洋,
武隆区茜陌服装店,刘明强,
武隆区铸艺服装店,叶涛,
武隆区女橱服装店,李亚男,
武隆区莉蓝服装店,杨小莉,
武隆区易辰服装店,蔡红,
武隆区王洪梅服装店,王洪梅,
武隆区张文芳服装店,张文芳,
武隆区吕克琴服装店,吕克琴,
武隆区晓树芽服装店,冉雪琴,
两江新区迷境服装店,胡瑜,
武隆区田甜服装经营店,田芳,
武隆区格兰服装经营部,黄康全,
武隆区美美服装专卖店,佘国美,
武隆区景阳服装经营部,殷俊峰,
武隆区梁琼服装经营部,梁琼,
武隆区亿成服装加工厂,郭小梅,
武隆区秋槿服装工作室,杨秋节,
武隆区井上优服装经营部,洪颖,
两江新区小布凡服装经营店,李文洁,
武隆区缪斯高品服装经营部,缪红霞,
武隆区琼妍衣橱服装经销店,陈君龙,
武隆县华美服装公司,刘维明,
武隆县兴江服装店,黄兴江,13658443637
武隆县正英服装经营部,程晓斌,13658435875
武隆县薏洁服装经营部,张晏川,023-77788855
武隆县张鑫服装店,张鑫,
武隆县张紫莹服装经营部,张紫莹,15730769696
武隆县蕊弈服装店,杨欣,
武隆县森林服装店,王森林,
重庆市武隆区洲艳服装经营部,查小容,13452521588
武隆县仙路服装店,潘永锋,13251200937
武隆区茜棋服装店,汤棋,
武隆县刘哥服装店,刘永茂,
武隆县王婷服装店,王婷,
武隆县欣雨服装经营部,陈平,15123649700
武隆区冉莉服装店,冉莉,
武隆区媛恒服装店,杨廷志,
武隆县妍小爱服装店,李妍,
武隆县静心服装经营部,李小兵,18324101938
武隆县福旺多服装超市,李金山,
武隆县镔禹服装经营部,陈久勇,13224972222
武隆县芋霖服装店,李芋霖,15215078728
武隆县邹燕服装店,邹燕,
武隆区正才服装加工部,张正才,
武隆县海霞服装店,余海霞,
武隆县芷江服装店,李艳霞,
武隆县蓝蓝服装店,郭小燕,13452562829
武隆区琪婷服装店,王文珍,
武隆县刘燕服装经营部,刘燕,15213606988
武隆县向松服装经营部,向劲松,
武隆县兴业服装加工厂,刘琼,15823974017
武隆区魏梦依服装店,周玲,
武隆县梅江服装店,李红梅,
武隆县腾龙服装经营部,李晓玲,7782291
武隆区师行服装经营部,黄松,
武隆县徐三服装商行,徐小琴,13609460111
武隆县高艳服装经营部,高艳,
武隆县知音服装厂,李廷辉,
武隆县渝鑫服装经营部（普通合伙）,,15095867156
武隆区莎语服装经营部,李琴,
武隆县博奈司服装店,杨龙菊,13983338876
武隆县刘建蓉服装店,刘建蓉,
武隆县伊美慧服装店,梁启秀,18996833766
武隆区纱妮服装店,传文霞,
武隆区鹿咪可服装店,张豪杰,
武隆县云水阁服装店,罗小琼,
武隆区兴吉工程机械租赁经营部,谢兴吉,
武隆区依慧服装店,姚仁杰,
武隆区怡雪服装店,李雪,
武隆县思琪尔服装店,谢素琼,13340365717
重庆市武隆区建梅服装加工店,朱建梅,13658477601
武隆县建淑服装店,王建淑,
武隆县素香服装经营部,任素香,13658285995
武隆区小兰服装店,廖中奇,
武隆区铭赫服装店,闵建荣,
武隆区天才服装店,吕小波,
武隆县雪豪服装加工厂,陈尊兵,18290483987
武隆区新一佳服装城,韩龙春,
武隆区小羽服装店,皮小羽,
重庆市武隆区金蓉服装店,金蓉,15025688716
武隆区尤蜜服装店,陈曦,
武隆区凡逸服装店,李元源,
武隆县芳梅服装经营部,曹迎梅,13330361900
