name,person,phone
重庆能辉服装有限公司,施能辉,13983420888
重庆万利高服装有限公司,谭先明,13534296848
重庆市昇鸿服装有限公司,郭明超,15123866999
重庆凯超皮毛服装有限公司,周兴库,13527475006
重庆科福服装有限公司,高山,13436107456
重庆小猪班纳服装有限公司,张良义,49811118
重庆长利服装有限公司,谭先明,
重庆强柱服装有限公司,黄虎,13206000534
重庆市永川区鑫锋尚服装销售有限公司,骆凯文,023-49884906
重庆市文天服装有限公司,刘雪岚,18996427555
重庆茜影服装销售有限公司,陈星梅,023-49855919
吉安地区纺织服装进出口公司,,
重庆安九服装设计有限责任公司,王凯,13883069447
永川区李艳琼服装店,李艳琼,
重庆市永川区婉心服装销售有限公司,李中辉,15826151066
重庆市永川区宏荣服装有限责任公司,饶红,17723560008
重庆市永川区锦烨服装有限责任公司,陈谋,13667625625
重庆市永川区李丹服装销售有限公司,李丹,13752937248
重庆市永川区尚雨仙服装有限公司,冉正学,15123879769
重庆市永川区彬迈服装有限责任公司,薛华彬,18996050130
重庆市应臣商贸有限公司,雷小龙,13883161422
重庆市桦璐服装有限公司,熊绿璐,
永川市渝西服装厂,谢云学,
永川市霓裳服装公司,张可志,
永川区三兄弟服装店,郁良军,13771389999
重庆昭晟服装设计有限公司,梁波,13896163362
永川市梦莉娜工艺服装厂,崔秀英,
重庆永川职业防护服装厂,尹健,
重庆市永川区彩婷服装销售部,彭仕常,13212431979
永川区艾蜜雪服装经营部,聂利凯,
永川区遇见服装店,杨杰,
重庆秀才服装设计工作室,犹伟,18512315004
永川区欧时力服装店,左瑜,15086607983
重庆旺福来服装加工厂,吴水方,18983025480
永川区阳瑞服装经营部,阳瑞,
永川区浩轩服装厂,邬能超,13883101628
永川市四季服装厂,王达武,
永川区映红服装经营部,郑翼,18523583679
永川区青墨汉唐服装店,唐雷,
永川区才彦服装店,蔡玉宝,
重庆市琼尼服装有限公司,李基友,
重庆俊莹服装经营部,杨李俊,13988888877
永川区徐沾莲服装店,徐沾莲,
重庆市永川区慧聪服装经营部,赵昌飞,18908345670
永川区沁彤服装经营部,李子涵,13983690009
永川区汇友服装店,陈卓,
永川区糖心服装经营部,唐辛,15923368283
重庆市永川区夏华莲服装经营部,夏华莲,13436176848
永川区丽人街帛逸服装销售部,袁洲,18983361009
永川区旭凰服装店,孟鑫,
永川区藏娇服装经营部,金帆,
永川区美足服装经营部,吴文刚,13618333112
重庆市永川区拾卡服装经营部,谭沁勇,13629768488
永川区庆婷服装经营部,石庆婷,15223127243
永川区千细服装经营部,刘先体,18623337396
永川区蔡映辉服装经营部,蔡映辉,
永川区周兰服装店,周兰,
永川区成华服装经营部,姚晓东,
重庆市永川区文中服装经营部,朱星琴,13594221973
重庆市永川区永中服装经营部,彭代智,18702327556
重庆市永川区唯馨服装经营部,罗章金,15923240878
重庆市永川区上兴服装经营部,艾国全,17823935338
重庆市永川区顺连服装经营部,季顺莲,13668051186
重庆市永川区五龙服装加工厂,吴治均,15825939102
永川区兰茜服装店,张茜,13618271481
重庆市永川服装厂经营部,蒋光学,
永川区张明服装店,张明,15086934100
重庆市永川区缝钱利服装加工厂,欧纯刚,18680710305
重庆市永川区尹中洪服装店,尹中洪,13988845988
重庆市永川区叶茂服装销售部,叶廷碧,13678431058
重庆市永川区山周服装经营部,周友莉,13988759877
重庆市永川区河桑服装加工厂,桑开长,15223492934
重庆市永川区惊亚服装经营部,伍乾军,15223160276
重庆市永川区开珍服装经营部,庞开珍,49502330
重庆市永川区天琼服装经营部,肖天琼,15922641273
重庆市永川区蒋唐服装经营部,唐邦容,13883180288
重庆市永川区先芝服装经营部,梁先芝,13368332256
永川区唐文服装经营部,唐文,18725826205
永川区洗尚服装洗烫服务部,曹敏,
永川区造型服装经营部,张菡,
永川区兰乔服装洗烫服务部,莫启琴,
永川区伍艳服装经营部,李涛,15922767485
重庆市盾星服装厂,张勇,18983969018
重庆市永川区尚风服装加工厂,谢利超,15823588174
永川区白鹅服装工作室,屈锐,
永川区薇妮兰服装店,吕成,49683182
永川区异素服装店,程矗,18225073510
永川区优衣服装店,陈瑶,13637708952
永川区喻明玲服装经营部,喻明玲,
永川区纤美服装经营部,陈勇,
永川区冉冉服装加工部,蒋旭,
重庆市永川区万清宪服装经营部,赵纯宪,13594320439
重庆市永川区海从玲服装销售部,谢光玲,18584518964
永川区美织纺服装经营部,胡世昌,13062310033
永川区森蓝服装经营部,涂霞,
永川区勾划服装店,林泽松,
永川区优库服装店,刘强,
永川区依舍服装店,袁玉芬,
永川区佩谊服装经营部,王思淇,
永川区陈林服装经营部,陈林,
