name,person,phone
重庆鲲鹏服装厂,李渝生,67608797
重庆胜泽服装有限公司,游承娟,18602310217
重庆遇见乐意服装有限公司,李庆勇,
重庆嵩悦服装工业有限公司,王嵩,
重庆棋杆服装有限公司,陈永席,13983602938
重庆市江北区威斯特服装设计学校,刘袁,67854188
重庆芈姬服装有限公司,靳琼鸿,13908489353
重庆三迪服装有限公司,叶尚弟,67079878
蒙可服装（重庆）有限公司,杨文熙,18580665723
重庆欣晟服装有限公司,蒙友飞,13638329373
重庆创绣服装有限公司,刘超,
重庆炫嘉服装有限公司,唐道秀,13667651218
重庆达一服装有限公司,胡忠辉,
重庆市安德莉娅服装有限责任公司,王静,18996083333
重庆菲诗蔓服装有限公司,刘列碧,18523309094
重庆澳克服装设计有限公司,李瑞,15922701427
重庆胖虎服装有限公司,曹海健,18665018415
重庆铂世源服装有限公司,谭承良,19946802068
重庆右之素服装有限公司,苏家腊,13452346207
重庆杰衫缘服装有限公司,杨明贵,13594025943
重庆美柯斯服装有限公司,马凌凤,13883168103
重庆宾雅远仕服装设计有限公司,杨希,18623008720
重庆荣澜葶服装设计有限公司,李欢,13637840954
重庆市壹合德服装有限公司,张一虹,18602333533
重庆骏典服装有限公司,吴江,023-88305888
重庆星标服装有限责任公司,张长春,15215179700
重庆狼姿服装有限公司,邹泸平,
重庆萌迪迩服装有限责任公司,冉溜,023-62888588
重庆夏木目服装有限公司,杨晓林,18981612060
重庆娃娃国婴童服装用品有限公司,邹波,023-67879949
重庆安索洛服装设计有限公司,李瑞,13508330111
重庆齐飞服装有限公司,陈冬梅,19923294366
重庆轻甜服装设计有限公司,李凌燕,13368221122
重庆乾雾服装销售有限公司,段佳,
重庆市蓓蕾服装刺绣厂,任小娟,15923293184
重庆莫舒乔服装有限公司,莫凤琼,18323066616
重庆市杨露服装设计有限责任公司,杨露,13667676551
利邦（上海）服装贸易有限公司重庆第三分公司,虞焰,023-63830886
重庆欢怡服装有限公司,郝欢,13990204600
重庆缘领衣服装有限公司,陈芙容,13206259011
重庆市江北区鱼嘴服装厂,李胜国,
重庆新净界服装设计有限公司,杨晓君,023-67123934
重庆默客服装设计有限公司,王佳莉,
江北区雲美服装经营部,古建明,
重庆原创美服装设计有限公司,曾小凤,13527496072
重庆简集服装设计有限公司,石玥阳,13330251171
重庆天琦服装设计有限公司,魏明生,15320587172
重庆建勋服装设计有限公司,李银中,13193166181
重庆其然服装设计有限公司,杨娟,18602301989
利越（上海）服装商贸有限公司重庆第十分公司,赵翊佩,021-61865759
重庆千羽娴服装设计有限公司,陈娴,023-86885995
重庆市衣品人生服装有限公司,周俊,18223187718
重庆鑫向容服装销售有限公司,张容,
重庆万世力民服装有限公司,谭文俊,
古奇拉利（四川）服装有限公司重庆第一分公司,黄晨治,13368088577
重庆八月上服装设计有限公司,陈亚楠,13648300937
重庆六七君品行服装有限公司,胡玫,15723470911
重庆市梦诗佳服装有限责任公司,裴乾碧,13708393880
重庆熙琳服装设计有限责任公司,谭熙琳,13650533339
重庆暮啾服装销售有限责任公司,李旭梅,
安莉芳（中国）服装有限公司重庆市江北区第一分店,李彦平,
重庆懿心衣亿服装设计有限责任公司,马懿琳,
重庆太祥源经贸有限公司,张万荣,023-67749135
重庆三鑫服装公司,王民新,
重庆服装机械一厂,朱洋,
重庆三鑫服装厂*,王民新,
重庆浩丞聚服装有限公司,万晋丞,18696635961
重庆三鑫服装厂,王民新,
重庆大胜盈服装加工有限公司,曾凯,
重庆润布服装有限公司,袁莉,13110155577
重庆织布厂服装分厂,马文英,
重庆昱骞服装有限公司,唐才敏,15123858579
重庆森驰服装有限公司,李加友,13110257005
重庆北阳服装有限公司,尹丽,
重庆市豪怡服装有限公司,陈福贞,
重庆市兴业服装厂*,张向红,
重庆纺织服装设备配件贸易部,陈群,
重庆邦莎服装有限公司,陈星儒,68582899
江北区安吉服装店,杨勤,
重庆品度服装有限公司,王飞,18696540890
重庆富顺服装有限公司,许美琴,
重庆雅怡服装有限公司,秦艳,
重庆一禾服装有限公司,况雪鹰,
重庆千姝睿服装有限公司,任炀,
江北区欧惑服装经营部,钟联志,
江北区展博服装店,王麒翔,
重庆梦梵服装有限公司,莫宣勇,
重庆鸣峰服装有限公司,刘腾凤,
重庆静峰服装有限公司,邓金华,
重庆华枫服装有限公司,唐玉华,
重庆江北区华美服装厂,袁中利,
江北区黑蝠社服装店,段林均,
重庆当代服装艺术研究所.,唐明钢,
江北区双梅服装店,谢金梅,
江北区美昂服装店,陈璞,
江北区黎祥亮服装店,黎祥亮,
江北区钟渝服装店,丁瑜,
江北区碧欧服装店,汤亮,
江北区欧丽服装店,吕玉杰,
重庆姿绅服装饰品有限公司,付培生,
