name,person,phone
重庆三五三三印染服装总厂有限公司,刘光平,023-61093533
重庆刁亿服装有限公司,乐会华,18983991850
重庆荣创服装有限公司,秦际兰,13678471793
重庆红珠服装厂,何安容,13996171792
重庆吉蓝服装有限公司,陈洁,15922662881
重庆夕之美服装有限公司,李富强,13667695259
重庆市德瑞服装有限公司,张和平,47835119
重庆弥撒服装设计有限公司,梁秀昱,18983004413
重庆市江津区和爱新兴服装厂,刘章明,13883265345
重庆市江津区几江理发店红霞服装门市,刘军,47534007
重庆市江津区和爱新兴服装厂油房,刘章明,13883265345
重庆市江津区德感东方服装厂,陈显康,47835268
重庆三五三三印染服装总厂有限公司销售分公司,王值文,
重庆昱月服装有限公司,刘正梅,
江津市新亚服装有限公司,雷石军,
江津市校办服装厂,兰小平,
江津区吧啦服装店,覃亚,18716348887
江津市金泉服装厂,,
江津区桐桐服装店,周子榆,
江津市先锋服装厂,周天星,
江津区沛轩服装厂,王伯庆,13508322972
江津区阿丽莎服装店,钟杨,
重庆市三五三三服装厂,杨贤伟,
江津区刘三妹服装店,刘敏,
重庆康如服装经营部,任太琴,18723293965
重庆市尚伦服装加工厂,毛伦,18290496955
江津区曾世均服装店,曾世均,
江津区几江鑫瑞服装店,杨晓莎,
江津市仁沱服装厂,张青元,
江津区永发服装店,黄毅,
重庆神女峰旅游公司服装分公司,胡红宇,
重庆市江津区黑点服装经营部,江宗英,47331390
江津区通友服装店,张宇,13618395566
江津区百川服装店,赵震,
江津区赵赵服装经营部,赵政,
江津区几江祥瑞服装厂,罗科祥,13012376678
重庆市江津区段真服装经营部,段灵利,13996078632
江津区嘉平镇刁纶纬服装加工厂,刁锦祥,
江津区奇凤服装加工厂,何其凤,15320293061
重庆市江津区邦惠服装店,黄帮惠,13500335021
重庆嘎嘎妞服装经营部,陈思宇,18908362640
江津区肆迹服装店,许爱玲,
重庆奥迪雅服装制衣有限公司,陈小平,
重庆市江津区雕凯服装经营部,刁凯,15802386198
重庆市江津区荣洪服装经营部,田定兰,18996204949
重庆市江津区叶蒙服装经营部,蒙雨,13212318835
重庆市江津区酷维服装经营部,刘啓兰,13678457308
江津区王军服装店,王军,13983084586
重庆市江津区双瑞针织服装厂,杨友彬,13167922708
重庆市江津区琅山服装店,苏维刚,13883775466
江津区唐金鹏服装经营部,唐金鹏,
重庆市江津区慧娅服装厂,任发云,15086867016
江津区张兵服装店,张兵,
江津区逸绅服装设计中心,王翔,
江津区绿康服装店,周进华,
重庆市江津区火佑服装经营部,罗环,15595382777
重庆市江津区颖尚服装经营部,钟崇富,18983816552
江津区几江旭东服装加工厂,曹旭东,
重庆市江津区热泰服装经营部,徐锦莲,15923996751
重庆市江津区蛟安服装经营部,石安静,13696452388
重庆市江津区朝容服装经营部,李朝柒,15111887822
重庆市江津区赵万服装加工厂,熊菊章,13883263828
重庆市江津区中群服装经营部,姚成相,18723359209
重庆市江津区严梦服装经营部,袁必维,13883591468
重庆市江津区轩翥服装经营部,柯祥梅,15223090782
重庆市江津区然舍服装经营部,刁忠全,15826148438
江津区陈光红服装店,陈光红,
重庆市圆润服装厂,张德斌,18602392977
江津区潘尼丹伦服装经营部,黄曦,
江津市德感镇渡口服装厂,陈德书,
重庆市江津区萍帆服装经营部,朱万平,13527351838
重庆市江津区密静服装经营部,何联群,15023079259
江津区富铤服装经营部,陈雪峰,
重庆市江津区涵之韵服装经营部,余浥,15123212828
江津区衣之缘服装经营部,黄晓刚,
渝中区邹强服装经营部,邹强,18323192047
江津区雄雄服装店,陈代彬,
江津区秀发服装加工厂,张朝发,13983432918
重庆市江津区泽霞服装加工厂,王大泽,18983274381
重庆市江津区邓雨鑫服装销售经营部,邓鑫雨,13647604970
重庆市江津区潘玉服装经营部,潘中武,15025375608
江津区几江南茜高服装店,李瑜,
江津区恒红服装店,杨杰,
重庆市江津区酷坊服装经营部,易永忠,18220238131
江津区翰玲服装经营部,牟刚,
重庆市江津区钱鹏服装经营部,肖光亮,15310383136
重庆市江津区春乾服装经营部,李春亚,15123188442
江津区茵卡服装店,穆永峰,
江津区刘辉服装经营部,刘辉,13696485993
重庆市江津区雪石服装经营部,石雪,18983661072
江津区刘华民服装店,刘华民,
江津区谢波服装经营部,谢波,
江津区周欧服装经营部,欧蓉,
江津区伊人丽影服装店,袁茂燕,13308332393
江津区千帷服装厂,赵祥,
重庆市江津区创酷服装经营部,江伟,13527481828
重庆市江津区若锦服装经营部,洪川,13996044734
江津区叮当猫服装店,黄婷,
江津区芷妍服装厂,杨伦,
江津区维雅斯服装店,赖利,
