name,person,phone
重庆嘉陵服装工业公司,李天武,13062311137
重庆邮电服装厂,喻琼,13452069209
重庆丽之西服装有限公司,刘小利,15683260885
重庆沙坪坝文化服装进修学校,曾裕中,65357705
重庆启辉服装有限公司,许艳琼,13627617235
重庆尧舜禹服装有限公司,乔光华,17782327050
重庆永红服装厂,李肇贵,
重庆顺和服装有限公司,姜渝蓉,67141199
重庆青番茄服装有限公司,袁彩莲,13509400859
重庆凯戈服装有限公司,江桂敏,13330279783
重庆吉裕服装有限公司,张娟,
重庆若秀服装设计有限公司,叶红丽,15213278163
重庆中纪元服装有限公司,郭国珍,19923268629
重庆麻烦服装有限公司,邓先峰,18723402240
重庆雅伽然服装有限公司,潘兴荣,18602346387
重庆帅雅服装有限公司,颜家文,18323078415
乐用服装（重庆）有限公司,王杨,17723536423
重庆蜜扣儿服装有限公司,郭丹丹,13110258941
重庆逸凯服装设计有限公司,黄鑫,18323175185
重庆夔之巅服装有限公司,简兴民,
重庆舞池服装有限公司,赵凯,13983421696
重庆萱萱服装有限公司,罗晓莉,18725638809
重庆鼎辉服装有限公司,盛淑蓉,12345678
重庆虹宇服装有限责任公司,阎仁兵,13012356288
重庆三加一服装有限公司,隆雨辰,
重庆金贵服装有限责任公司,苏贵芬,13908355516
重庆本素服装有限公司,李学勇,17783100780
重庆萱颖服装有限公司,黄瑜姣,18580652719
重庆卡克尔服装设计有限公司,陈勇,18716521282
重庆市水滴君服装设计有限公司,严丽,13908316643
重庆市乐儿服装有限公司,闫玲娜,18983801933
重庆职业服装设计制作有限公司,陈永莉,18908386863
重庆汉绮萝服装有限公司,王尧臣,
重庆秀尔服装设计有限公司,张勇,13370702644
重庆枫丹白露服装有限公司,何抒琳,15111802702
重庆伍仁服装设计有限公司,蔡月,13883390096
重庆亚仑服装设计有限公司,郭小鸿,18584607760
重庆忒勒服装设计有限公司,张林,15213325532
重庆伊制依服装有限公司,张建勇,15213334255
重庆地之角服装有限公司,赵斌,15025485843
重庆青子衿服装设计有限公司,陈春宏,
重庆梦岚服装有限责任公司,钱中伟,13983244525
重庆沃欣服装设计有限公司,罗晓红,13667695259
重庆谜野服装设计有限公司,刘倩,13708336138
重庆承优悦学服装有限公司,雷杰,18523849669
重庆易行丰服装设计有限公司,陈静,023-65210000
重庆香伊族服装销售有限公司,陈立华,
重庆丽怡族服装销售有限公司,陈立华,
重庆舞飞扬服装租赁有限公司,吴庆波,15086872120
重庆鑫安服装加工厂（普通合伙）,-,15923519737
绰琪服装（深圳）有限公司重庆龙湖店,RYD ERIK OTTO,023-65673391
重庆呈霄然服装设计有限公司,蒋玲均,13808360256
重庆市青梦服装有限责任公司,夏胜,15998905007
利越（上海）服装商贸有限公司重庆第十二分公司,,021-61865759
重庆怡的屋子服装设计有限公司,张明,18623148973
重庆失控的兔子服装设计有限公司,冷晶晶,13036333131
重庆市沙坪坝区秀恺服装销售有限公司,张玲,13290024843
重庆仕路教育咨询有限公司,邓兴宇,18983016277
重庆益袁泓电子商务有限公司,袁小红,18002307868
重庆卡咔商贸有限公司,吴勇敏,18717004953
重庆黑淞文化传播有限公司,汪瑶,15023043121
重庆爱润丝慕服装有限公司,李明生,
重庆玖琛服装有限责任公司,肖长双,
重庆光辉服装厂,毛天福,
重庆富强服装厂,傅强,
重庆宇凡服装有限公司,李丹,18696567549
重庆雅红服装经营部,赵兴渠,12345678
重庆美艺服装厂,黄永久,
重庆市沙坪坝区刘利碧服装店,刘利碧,13983913190
重庆恒丰服装有限责任公司,段绍强,
重庆市共展服装有限公司,张荣凤,
重庆蓝璐服装有限公司,曹璐,13101302231
重庆市沙坪坝区左伦服装厂,左启伦,
沙坪坝区环达服装店,曹奕洲,13915252388
沙坪坝区中尚服装店,陈中美,
沙坪坝区芳馨服装店,程芳芳,
重庆铭宇酷服装店,陈治霞,18696705618
沙坪坝区文希服装店,周文素,13452074118
沙坪坝区旭航服装,刘松,
沙坪坝区伊之妮服装店,冯洪友,
重庆之瑶服装有限公司,刘秀娟,18355272888
沙坪坝区巧巧服装店,叶巧巧,
沙坪坝区季伟服装店,季伟,15923388688
沙坪坝区建军服装店,徐霜,13883368206
沙坪坝区森威达服装店,冉富强,13752976818
重庆均勇服装经营部,罗勇均,13637730818
重庆埃布玲妮服装有限公司,孙中妮,18523980909
重庆市夏纯服装经营部,夏纯,13637730818
沙坪坝区名典服装店,杨朝柱,
沙坪坝区漂亮依人服装店,刘科,
沙坪坝区骆阳服装店,骆阳,
沙坪坝区名媛服装店,赵柯,
沙坪坝区雪歌服装店,庹真国,
重庆迈宝服装设计有限公司,吴怡,18523573161
重庆宝皇服装设计有限公司,彭鑫艺,15223381811
重庆西本服装设计有限公司,李怡雯,12345678910
沙坪坝区蝉林服装店,舒爱林,
沙坪坝区熙佰汇服装店,叶巧巧,
重庆妤然服装经营部,徐建忠,13368221162
沙坪坝最美民族风服装店,郑智,13883114823
