name,person,phone
重庆市乾升服装有限公司,沈久义,13594189358
重庆山和云服装有限公司,杨渐习,
重庆柏思蔻服装有限公司,王娅,15223889660
重庆市涪陵服装公司,石荣华,15520102716
重庆旻妍服装零售有限公司,蒋亚,15223889660
重庆市纤锦服装有限公司,杨铭,023-72260919
重庆市涪陵区锦恒服装有限公司,李杰,
重庆跃尚服装设计有限公司,吴小江,
重庆角度服装设计有限公司,代庆霞,15523105680
重庆风宜服装销售有限公司,赵风宜,15123836319
重庆市涪陵区尖峰服装有限公司,黄青青,13896190776
涪陵市人民服装厂,,
涪陵区拼会赢服装经营部,李洪明,
重庆市永腾房地产经纪有限公司,杨正良,72302592
重庆绣花一族服饰有限公司,胡华芳,18696962080
重庆市卡森服装有限公司,付意捷,13983306883
重庆市涪陵区洪婷服装加工厂,刘黄花,15320870508
重庆市涪陵人民服装厂,杨 铭,
重庆市盛锦服装有限公司,杨铭,02372260919
涪陵区赵森服装经营部,赵卫森,13340386430
涪陵区盛新服装加工厂,李杰,
重庆市涪陵区点燃服装经营部,吴胜先,17708360651
重庆市涪陵区朋鑫服装厂,湛康,13678429712
涪陵区常健服装经营部,常健,72228282
重庆市涪陵区五朵服装店,陈正奉,13658440288
涪陵区尚臣服装经营部,兰伟,13132350298
涪陵区科飞服装经营部,张科飞,13114023518
涪陵区百美怡服装经营部,黄晖,13896590307
重庆市涪陵区绮悦服装销售部,乐雪,15696788385
重庆市涪陵区瑞容服装经营部,冉瑞容,18696913397
重庆市涪陵区兴君服装经营部,冉兴娅,13330377638
涪陵区陈黎娜服装经营部,陈黎娜,
重庆市金锦服装有限责任公司,杨铭,
重庆市涪陵区佩皓洁服装经营部,况月英,13896500618
重庆市涪陵区汤国兰服装经营部,汤国兰,13101116399
重庆市涪陵区袁其松服装经营部,袁其松,15215157641
涪陵区铭记服装批发部,张国铭,13983331045
重庆市涪陵区刘晓义服装经营部,刘晓义,87869885
重庆市涪陵区水谷凉亭服装厂,张荣强,18983305693
重庆市涪陵区陈相淑服装批发部,陈相淑,83357156
重庆市涪陵区肖淑容服装加工厂,肖淑容,13320370828
涪陵区高笋塘尚臣服装经营部,兰伟,13132350298
重庆市涪陵区素梅服装厂,王剑锋,15520151098
重庆市涪陵江南服装厂,况益祥,
重庆市涪陵区小双服装经营部,吴星霖,15826201255
重庆市涪陵区香丽服装店,冉超,18623253573
涪陵区陈洪进服装经营部,陈洪进,13883834321
涪陵区尝式服装销售部,王勇,13594523777
涪陵区雅丽服装店,张志林,
重庆市涪陵区梁华服装有限公司,李小林,13896771462
重庆市涪陵区民生缘服装加工经营部,任家富,13896682578
涪陵区宛睿服装店,吴雪梅,
涪陵区珊渝服装店,柳先锋,
重庆市涪陵区欣香阁服装经营部,吴吉,70194213
重庆市涪陵区天爱服装经营部,庞玲玲,15310562623
涪陵区桐语服装经营部,陈洁,
重庆市涪陵区史有兰服装经营部,史有兰,13594593533
涪陵区兴平服装厂,罗萍,
重庆市涪陵区春福服装销售有限公司,张妙夫,
重庆市涪陵区尚童坊服装经营部,况斌,13648480456
涪陵区哲琼服装经营部,谭志琼,
涪陵区鑫奕琳服装经营部,张静,
涪陵区摘衫居服装经营部,李国良,
重庆市涪陵区雅代服装经营部,黄亮,75854986
重庆市涪陵区真华服装经营部,杨振华,13606739985
涪陵区佳依服装经营部,周敏,18223777183
涪陵区凌宇服装经营部,杨蕊嘉,13983330059
重庆市涪陵联丰益实业有限公司星月服装城,张登益,
重庆市涪陵区敏进服装经营部,毛建国,13896719099
重庆市涪陵区波美服装经营部,毛小波,15223835466
重庆市涪陵区伊蕾妮服装经营部,罗兴均,18696921553
重庆市涪陵区伊嘉美服装有限公司,刘琼,15520102716
涪陵区陈李服装销售部,陈婷,13101111108
重庆市涪陵区义群服装加工部,陈义群,15803600812
重庆市涪陵区蒙佳服装有限责任公司,何纪均,13658436198
重庆市涪陵区简兴服装经营部,刘亚,18908254555
重庆市涪陵区莱贝帕睿服装经营部,姜启明,15520102716
重庆市涪陵区百合鸿运服装经营部,张彬,15520102716
涪陵区代世忠服装经营部,代世忠,
涪陵区晓进服装经营部,刘晓静,13983582092
重庆市金川百货有限公司服装商场,胡银旺,
涪陵区兜兜有糖服装经营部,张媛,13098756268
重庆市涪陵区洪哥服装经营部,彭洪,13452521669
重庆市涪陵区洪美服装经营部,彭洪,13452592166
涪陵区忧风服装经营部,杨雪,
涪陵区煊妹服装经营部,张寿全,
重庆市涪陵区张洁服装经营部,张洁,13883356907
重庆市涪陵区柳林服装经营部,谢福,18996700773
重庆市涪陵区茶之梦服装网络经营部,王茂权,18996720879
重庆市涪陵区新观念服装店,王小斌,18725718566
重庆市涪陵区志锐服装经营部,陈义,15023505956
重庆市涪陵区燕玉林服装经营部,汪锡林,13896595979
重庆市涪陵区实得惠服装有限责任公司,钟道君,13368492222
重庆涪陵又新服装厂,吴树民,
重庆市涪陵区杜建平服装经营部,杜建平,18716827659
重庆市涪陵区张洪服装经营部,张洪,13068369153
重庆市涪陵区领驭服装设计工作室,杨绚,15023948733
重庆市涪陵区尚阁服装经营部,袁梅,13101100555
重庆市涪陵区凌静服装店,刘静,72356256
重庆市涪陵区旭红服装经营部,杨建华,15896066816
