name,person,phone
重庆新杰服装有限公司,陈立峰,023-86877798
重庆穆泽服装有限公司,廖权源,13640520431
重庆市服装设计师协会,梁明玉,62900190
重庆三五三三泰洋服装有限责任公司,杨文章,86092136
重庆卿靖诚服装有限公司,王凯情,
重庆至曼蔓服装有限公司,龙林,
重庆华羽服装有限公司,陈敬凌,023-89110496
重庆滨逸服装有限公司,戴宾,18423267765
重庆键凌服装有限公司,李键林,
重庆宏册服装有限公司,汪洪,
重庆润仁辉服装零售有限公司,吴润,
重庆童星之家服装有限公司,李磊,
重庆希异服装有限公司,刘树茂,17783855463
重庆楠君型服装有限公司,李蓝军,
重庆惟勤服装有限公司,陈路路,
重庆木之悠服装有限公司,李莉琼,13228551866
重庆贵诗迪皮革服装有限责任公司,黄县富,023-86001908
重庆青青子衿服装有限公司,田华,13650557062
重庆奈波尔服装有限公司,尹明文,18580315892
重庆伍屹莉服装有限公司,金勇,18623564423
重庆美欧迪服装有限公司,高霆锋,
重庆市微絮服装制造有限公司,夏家勇,13908315379
重庆博昊服装有限公司,蒋友慧,13500367163
重庆安秀服装设计有限公司,梁贤安,
重庆驰邦服装有限公司,陈明泉,13436116997
重庆全吉服装有限公司,傅丽,15683230691
重庆秋微服装有限公司,罗娜,13036368587
重庆优拉服装有限公司,闵端,13452841830
重庆轻衫侧帽服装批发有限公司,陈贤聪,
重庆穿针引线服装设计有限公司,郝亮,15808029996
重庆市渝北区远航服装厂（普通合伙）,-,15826100052
重庆独衣家服装有限公司,叶德权,
重庆创荣服装有限公司,易可,15023119413
重庆维亚斯服装有限公司,王波,15923310311
重庆安秀服装有限公司,黄爱媛,023-67190366
重庆雅兆服装有限公司,王涛,
重庆挺方圆服装有限公司,李成丽,13514966299
重庆凯帝莱服装有限公司,雷光国,18716622282
重庆海拓服装有限公司,郭雪梅,18153165388
重庆佳松服装有限公司,蒋益美,023-67100768
重庆莎拉瓦蒂服装有限公司,邓红,
重庆新杰服装有限公司渝北分厂,程义林,023-86877798
重庆呆呆亚子服装有限公司,魏歆,13308332625
重庆百可服装针织制品有限公司,唐邦强,63054918
重庆爱媛服装有限公司,杨建明,13372628666
重庆丽泽服装有限公司,米泽淋,15111995785
重庆悠然服装有限公司,徐闯,13996888949
重庆栀夏服装设计有限公司,成燕,
重庆懿源懿品服装有限公司,付记伴,
重庆香衣阁服装销售有限公司,白太林,
依凯洛斯（重庆）服装设计有限公司,李若成,
重庆米俪娜国际贸易服装有限公司,魏杰,17383025420
重庆燕仕服装有限公司,王春燕,13896020710
重庆隆臻服装有限公司,唐嘉欣,
重庆静宇服装有限公司,万华先,13983813979
重庆霞绯服装有限公司,陈涛,
重庆子乐服装有限公司,幸治群,13452870905
重庆钧成服装有限公司,唐明珠,13320291583
重庆潇雅服装有限公司,胡潇,18623066820
重庆壹雅鑫服装有限公司,王雅鑫,18996012041
重庆立新达服装有限公司,夏道叔,
重庆体贴服装设计有限公司,熊克强,
重庆波森罗尼服装有限公司,宋芳,13508362968
重庆最忆江南服装有限公司,范玉琼,18716325441
重庆金锦钰服装设计有限公司,谢晓川,023-62836018
重庆古蓝町服装有限公司,王富杰,15123392268
重庆柠子霂服装有限公司,周济,13883579730
重庆瑜珂儿服装有限公司,张瑜,
重庆新时致绸服装有限公司,张娟,
重庆华尚品一服装有限公司,王高红,18502315886
重庆刘家神奇服装有限公司,刘燕,13983789059
重庆炫坊服装销售有限公司,刘才芬,
重庆丽依坊服装销售有限公司,陈立华,
利越（上海）服装商贸有限公司重庆第三分公司,赵翊佩,021-61865759
重庆成米涵服装有限责任公司,汪梦涵,13608355732
重庆市渝北区优明栋服装设计有限责任公司,李明雪,17338318174
重庆新本实业有限公司,夏艳丽,67873300
重庆多多梓文化传播有限公司,张明阳,18538500654
重庆新行知文化用品有限公司,贾雨虹,13983150185
重庆博厚服装有限公司,文海鉴,18725956323
重庆荣怡刺绣有限公司,李荣生,13206048034
重庆嘉澜服装有限公司,陈伟健,023-67638359
重庆顶尖秀服装有限公司,谢 静,
重庆斯昱服装有限公司,刘谢添,15723402114
重庆锦浮生服装有限公司,徐敏,
重庆豪硕服装有限公司,张华兴,13527539859
重庆市渝北区华蓥服装厂,李俊,
重庆冉金服装有限公司,段国民,67071138
重庆金川服装有限公司,江义秀,
重庆宛瑚服装有限公司,李华春,
重庆市渝北区兴光服装厂,贺光平,
渝北区贵龙服装店,姚骄龙,
重庆梁明玉服装设计有限责任公司,梁明玉,62900190
重庆美联服装有限公司,代祖荣,
重庆铭仁服装有限公司,杨春,
重庆市恩容服装经营部,丁云容,13883503355
重庆虹展服装有限公司,罗新仁,
重庆娜珂服装工艺有限公司,雷光国,
北部新区红秀服装店,戴增秀,
重庆市诚誉医用服装有限公司,陈丽娜,
