name,person,phone
重庆苏星服装有限公司,蒋小强,
重庆市潼南区利诚服装有限公司,康森松,18950101080
潼南县昌顺服装有限公司,吴浪,15002315023
重庆瑞美服装有限公司,潘丽蓉,023-85110031
重庆市潼南区格睿服装有限公司,张勇,18908302781
重庆市凌富服装有限公司,廖云虎,19922835110
潼南区薇薇蒽服装店,杨燕,
重庆市潼南区信合购物有限公司服装部,胡红芸,15310183666
潼南区童心缘服装店,张瑶,
潼南区布裙服装店,杨小红,
潼南区李爽服装店,李爽,
潼南区蓉儿服装店,李蓉,
潼南区海君服装店,石海君,
潼南区酷仔服装店,杨桂华,
潼南区唐密服装店,唐密,
潼南区玉华服装店,夏玉华,
潼南区他他服装店,唐海平,
潼南区黄彬服装店,黄彬,
潼南区永强服装店,李永强,
潼南区茉莉服装店,代子欣,
潼南区饰物招领服装店,王梅,
潼南区李向服装销售店,李丽,
潼南区陈红服装销售店,陈秋红,
潼南区丁继生服装店,丁继生,
潼南区鸿饰美服装店,郑鸿,
潼南区饰衣阁服装店,黄红梅,
潼南区锦衣之美服装店,周彬,
潼南区琉光服装经营店,吴桐,
潼南区蒋承佑服装经营部,蒋承佑,
潼南区精致人生服装经营部,张小翠,
潼南县汇丰商业有限责任公司服装营业部,曹凤琼,15215002588
潼南区伊依不舍服装经营部,王亚军,18696554463
重庆市潼南区莉妍服装加工厂,沈利,
潼南县渠诚服装有限公司,许恒雨,
潼南县百佳针织服装有限公司,张启彬,
潼南县宏祥服装厂,王振鹏,18996026007
潼南区薛媛服装店,蒋卓君,
重庆市欣蓓服装有限公司,刘中琼,
潼南县联谊服装厂,田树高,13594292819
潼南县兴源服装厂（普通合伙）,,15310187608
重庆德海服装有限公司,陈德海,023-44861422
重庆凡美服装有限公司,谭波,
潼南县蜕变服装店,米秋菊,13452900699
潼南县永盛服装店,全学伍,15723235085
重庆市潼南区鑫亿服装厂,李小平,44719038
潼南县金贵人服装店,邹金琼,13677693360
潼南县莫天服装门市,奚雪莲,18223377658
重庆市潼南区鑫妃服装厂,李德刚,13228212662
潼南区怡怡服装店,钟怡,
潼南区依诚秀服装店,母通钊,
潼南县伊丽莎服装干洗服务部,唐艾,18602363430
潼南县衣尚服装店,曾岚,15310231885
潼南县米拉儿童服装店,何荣禄,13112061657
潼南区衣橱服装店,邓爽,
潼南区巧巧服装店,徐庆,
潼南县雅兰服装店,陈龙,
潼南县洁丽服装洗涤行,赵均,13983146103
潼南县容平雅鹿服装店,吴容平,15123379347
潼南县进阳服装经营部,夏进阳,15213308997
潼南区亚艺服装店,邱海,
重庆市潼南区嘉怡服装厂,丁小刚,
重庆市潼南区朝洋服装厂,奚菊洋,15823133118
潼南区天赢服装店,李林茂,
潼南区衣家服装店,邱昂,
潼南县蒂蒂猫服装店,周东,13222389234
潼南县陈军服装店,陈军,
潼南区纬贝佳服装店,潘洁,
潼南县回春季服装店,徐阳,13668018983
潼南区亮哥服装店,王小东,
潼南县元华服装批发部,施元华,13193125550
潼南县狐狸尾巴服装店,杜世海,13032325209
潼南区梦之裤服装店,卢珂,
潼南县娜依都服装店,黄敬,13212311060
重庆市潼南区世纪欣服装店,何兰鹰,18083032159
潼南县正兴街刘龙书服装店,刘龙书,13883515985
重庆市潼南区禾雀花服装厂,郑仁洪,18999604603
潼南区何苗服装店,何苗,
潼南区汇生活服装店,计刚,
潼南区衣舍服装店,刘燕,
重庆市潼南区阿江服装批发部,李湶江,13452896346
