name,person,phone
重庆度尚服装有限公司,张汝鸿,17323294978
重庆芙缦斯服装有限公司,余波,13896888835
璧山县服装专业学校,汤  敏,13883357168
重庆市璧山区服装商会,贺开斌,13883830355
重庆瀚博服装有限公司,贺开斌,
重庆凌茯服装有限公司,凌钦淑,15823803644
重庆梨涡服装有限公司,黄扬航,18983393182
重庆塑人服装有限公司,李祥春,13709416018
重庆市宸菥服装有限公司,张迎春,18983011300
重庆市璧山区联信行服装销售有限公司,曾政,15223461650
璧山县升华服装超市（普通合伙）,,41542557
重庆市璧山区茂鑫服装有限公司,刘丽,18680850311
重庆市璧山区宏远鸟服装有限公司,郑承建,13983052607
重庆市璧山区时风铁路服装有限公司,钱中伟,13983220998
重庆市璧山区东华服装有限公司,于东松,15922997762
重庆市璧山区锦祥服装有限公司,王显东,15825910287
重庆市璧山区杰傲服装有限公司,卓大春,13883287307
重庆市璧山区展鑫服装有限公司,罗宁,18983217966
重庆市璧山县鹏程服装厂,,
璧山区伟杰服装设计室,彭传秀,
重庆度尚服装有限公司,张汝鸿,17323294978
重庆芙缦斯服装有限公司,余波,13896888835
璧山县服装专业学校,汤  敏,13883357168
重庆市璧山区服装商会,贺开斌,13883830355
重庆瀚博服装有限公司,贺开斌,
重庆凌茯服装有限公司,凌钦淑,15823803644
重庆梨涡服装有限公司,黄扬航,18983393182
重庆塑人服装有限公司,李祥春,13709416018
重庆市宸菥服装有限公司,张迎春,18983011300
重庆市璧山区联信行服装销售有限公司,曾政,15223461650
璧山县升华服装超市（普通合伙）,,41542557
重庆市璧山区茂鑫服装有限公司,刘丽,18680850311
重庆市璧山区宏远鸟服装有限公司,郑承建,13983052607
重庆市璧山区时风铁路服装有限公司,钱中伟,13983220998
重庆市璧山区东华服装有限公司,于东松,15922997762
重庆市璧山区锦祥服装有限公司,王显东,15825910287
重庆市璧山区杰傲服装有限公司,卓大春,13883287307
重庆市璧山区展鑫服装有限公司,罗宁,18983217966
重庆市璧山县鹏程服装厂,,
璧山区伟杰服装设计室,彭传秀,
重庆度尚服装有限公司,张汝鸿,17323294978
重庆芙缦斯服装有限公司,余波,13896888835
璧山县服装专业学校,汤  敏,13883357168
重庆市璧山区服装商会,贺开斌,13883830355
重庆瀚博服装有限公司,贺开斌,
重庆凌茯服装有限公司,凌钦淑,15823803644
重庆梨涡服装有限公司,黄扬航,18983393182
重庆塑人服装有限公司,李祥春,13709416018
重庆市宸菥服装有限公司,张迎春,18983011300
重庆市璧山区联信行服装销售有限公司,曾政,15223461650
璧山县升华服装超市（普通合伙）,,41542557
重庆市璧山区茂鑫服装有限公司,刘丽,18680850311
重庆市璧山区宏远鸟服装有限公司,郑承建,13983052607
重庆市璧山区时风铁路服装有限公司,钱中伟,13983220998
重庆市璧山区东华服装有限公司,于东松,15922997762
重庆市璧山区锦祥服装有限公司,王显东,15825910287
重庆市璧山区杰傲服装有限公司,卓大春,13883287307
重庆市璧山区展鑫服装有限公司,罗宁,18983217966
重庆市璧山县鹏程服装厂,,
璧山区伟杰服装设计室,彭传秀,
重庆度尚服装有限公司,张汝鸿,17323294978
重庆芙缦斯服装有限公司,余波,13896888835
璧山县服装专业学校,汤  敏,13883357168
重庆市璧山区服装商会,贺开斌,13883830355
重庆瀚博服装有限公司,贺开斌,
重庆凌茯服装有限公司,凌钦淑,15823803644
重庆梨涡服装有限公司,黄扬航,18983393182
重庆塑人服装有限公司,李祥春,13709416018
重庆市宸菥服装有限公司,张迎春,18983011300
重庆市璧山区联信行服装销售有限公司,曾政,15223461650
璧山县升华服装超市（普通合伙）,,41542557
重庆市璧山区茂鑫服装有限公司,刘丽,18680850311
重庆市璧山区宏远鸟服装有限公司,郑承建,13983052607
重庆市璧山区时风铁路服装有限公司,钱中伟,13983220998
重庆市璧山区东华服装有限公司,于东松,15922997762
重庆市璧山区锦祥服装有限公司,王显东,15825910287
重庆市璧山区杰傲服装有限公司,卓大春,13883287307
重庆市璧山区展鑫服装有限公司,罗宁,18983217966
重庆市璧山县鹏程服装厂,,
璧山区伟杰服装设计室,彭传秀,
重庆度尚服装有限公司,张汝鸿,17323294978
重庆芙缦斯服装有限公司,余波,13896888835
璧山县服装专业学校,汤  敏,13883357168
重庆市璧山区服装商会,贺开斌,13883830355
重庆瀚博服装有限公司,贺开斌,
重庆凌茯服装有限公司,凌钦淑,15823803644
重庆梨涡服装有限公司,黄扬航,18983393182
重庆塑人服装有限公司,李祥春,13709416018
重庆市宸菥服装有限公司,张迎春,18983011300
重庆市璧山区联信行服装销售有限公司,曾政,15223461650
璧山县升华服装超市（普通合伙）,,41542557
重庆市璧山区茂鑫服装有限公司,刘丽,18680850311
重庆市璧山区宏远鸟服装有限公司,郑承建,13983052607
重庆市璧山区时风铁路服装有限公司,钱中伟,13983220998
重庆市璧山区东华服装有限公司,于东松,15922997762
重庆市璧山区锦祥服装有限公司,王显东,15825910287
重庆市璧山区杰傲服装有限公司,卓大春,13883287307
重庆市璧山区展鑫服装有限公司,罗宁,18983217966
重庆市璧山县鹏程服装厂,,
璧山区伟杰服装设计室,彭传秀,
