name,person,phone
重庆市黎晖纺织服装有限公司,刘秀抛,18983576093
重庆才衣巧成服装有限公司,黎帮成,15310781354
日本三星服装株式会社,,
石柱土家族自治县粉红服装店,陈秋月,
石柱土家族自治县目衡服装店,马寒娟,
石柱土家族自治县巧手土家女儿绣服装有限公司,黎万明,15696921662
石柱土家族自治县兰迪斯服装有限公司,彭家灯,17726605777
石柱土家族自治县欣雨服装销售有限公司,谭晓蓉,18623296316
石柱土家族自治县艾薇尔服装店,刘忠伟,
三星服装经营部,,
石柱土家族自治县古韵服装店,王雪婷,
石柱土家族自治县着色服装店,曾政群,
石柱土家族自治县起点服装店,陈琦,
石柱土家族自治县西米服装店,黄巧,
石柱土家族自治县歆艾服装店,郎后敏,
石柱土家族自治县银轩服装店,曾晓丽,
石柱土家族自治县柚子家服装店,杨敏,
石柱土家族自治县明玉服装店,冉冰华,
石柱土家族自治县坛坛服装店,谭久芬,
石柱土家族自治县顺艮服装店,袁金琼,
石柱土家族自治县格阁服装店,谭晓蓉,
石柱土家族自治县芹源服装店,刘渊源,
石柱土家族自治县夏乏服装店,马亚容,
石柱土家族自治县全家人服装店,郑新章,
石柱土家族自治县美次方服装店,谭晓梅,
石柱土家族自治县小时代服装店,余江红,
石柱土家族自治县臻爱服装经营部,彭德祥,
石柱土家族自治县文文沙衣服装店,任华成,
石柱土家族自治县凯斯米亚服装店,程天祥,
石柱土家族自治县金企服装经营店,周千意,
石柱土家族自治县木质服装经营部,冯春燕,
石柱土家族自治县琳琳服装经营部,罗连杰,
石柱土家族自治县莫妮卡服装经营部,余娟,
石柱土家族自治县乌衣巷服装经营店,隆娇娇,
石柱土家族自治县依妹儿服装经营店,赵晓琴,
石柱土家族自治县灵娟阁服装店,马美蓉,
石柱土家族自治县子宁服装经营部,秦慧蓉,
石柱土家族自治县浒城姑娘服装店,孙花,
石柱土家族自治县华精技裁服装店,杨金华,
石柱土家族自治县皓儿服装经营部,谭声洪,
石柱土家族自治县钧文服装经营部,谭洪春,
石柱土家族自治县韩格子服装经营店,罗泽香,
石柱土家族自治县高文彬服装经营部,高文彬,
石柱土家族自治县凯德缘服装经营部,周诗芳,
石柱土家族自治县瑞雪服装设计工作室,王琴,
石柱土家族自治县衣然美丽服装经营店,刘多英,
石柱土家族自治县凤迎福服装制造厂,罗桂凤,
石柱土家族自治县子木铺服装经营部,郭君,
石柱土家族自治县皮小皮服装工作室,马艳玲,
石柱土家族自治县念莎阁服装经营店,冉华平,
石柱土家族自治县南宾街道皓楠服装店,项国华,
重庆市翔辉服装织造有限公司,洪良渊,13959955923
重庆泓麟商贸有限公司,刘泓麟,15095904335
石柱土家族自治县千喜鸟服饰有限公司,刘小兰,
重庆迪昌纺织服装有限公司,刘元臣,18996999679
石柱土家族自治县希尼亚服装专卖店,王勇,15320995234
石柱土家族自治县红旗服装厂,李万祥,
石柱土家族自治县米祖服装店,段云涛,
石柱土家族自治县柏钦服装经营部,徐柏钦,13609440728
石柱土家族自治县月亮街服装经营部,杨绪淑,15736620311
石柱土家族自治县多拉米服装店,焦海超,
石柱土家族自治县大妞家服装店,马祥,
石柱土家族自治县北雪服装店,周安法,
石柱土家族自治县欧麦娅服装店,崔冬云,
石柱土家族自治县妩彤服装经营部,曾令苏,15095965656
石柱土家族自治县九魅服装店,杜霜,13648238757
石柱土家族自治县依恋服装店,秦大华,
石柱土家族自治县小神童服装店,马勤淑,13896437623
石柱土家族自治县龙太子服装门市部,谭智蓉,15923761893
石柱土家族自治县体恤家服装店,谭弟普,15025794476
石柱土家族自治县恋雨服装经营部,马恋,15923615955
石柱土家族自治县可恩伊顿服装店,谢楷,
石柱土家族自治县沛涵衣比都服装店,马培发,18996965576
石柱土家族自治县童心童趣服装店,刘路,
石柱土家族自治县红君服装经营部,周红君,15823623023
石柱土家族自治县小军服装有限公司,秦小军,18983575888
石柱土家族自治县名歌服装经营部,向宏,18996917681
石柱土家族自治县阿平服装店,陈建平,
石柱土家族自治县淘小屋服装店,李黎,
石柱土家族自治县雁皇服装店,孙传权,13896887420
石柱土家族自治县新视野服装店,陈为群,
石柱土家族自治县点裳服装店,毛建华,
石柱土家族自治县靓一族服装店,秦建,15736664048
石柱土家族自治县艾曼秀服装经营部,尹洪亮,
石柱土家族自治县哥芙丽服装店,马世伟,
石柱土家族自治县时尚轩服装门市部,马劲松,15823611108
石柱土家族自治县尚品服装经营部,陈波,15023570402
石柱土家族自治县周文服装店,周文,
石柱土家族自治县伊丝艾拉服装店,夏洋,13983657303
石柱土家族自治县欧韩服装店,陈相,
石柱土家族自治县施蒂芙服装店,黎万菊,
石柱土家族自治县陈佳佳服装经营部,陈佳佳,15520129005
石柱土家族自治县菲莉思蒂服装店,汪祥粥,13896874688
石柱土家族自治县浪漫小屋服装店,吉艳,
石柱土家族自治县韩火火服装店,汪斌,
石柱土家族自治县心适贝贝服装店,蒋晓蓉,18983579628
石柱土家族自治县依米奴服装店,雷勇,
石柱土家族自治县新琴顺服装店,向发勇,
石柱土家族自治县谭滔服装经营部,秦杰,
石柱土家族自治县毛军服装店,毛小军,15025790459
