name,person,phone
重庆骏升服装有限公司,陆宏亮,76606567
秀山县欣悦服装织造有限公司,黄奉化,18716906048
秀山县侠客岂司服装有限公司,林广,
秀山县安盈服装织造有限公司,郑华明,13996925880
秀山县谊云艺服装有限公司,戴娜,15178760956
秀山县末末服装店,李新,
秀山县德才服装经营部,李德生,
秀山县建兴服装厂,刘国贵,76662757
秀山县龙秀服装店,蔡赵龙,
秀山县品尚服装店,王洪芳,
秀山县杨松服装店,杨秀松,
秀山县晨星服装店,黄晨星,
秀山县美华服装店,陈兴华,
秀山县雅时服装店,刘志国,
秀山县飞飞服装店,文克群,
秀山县御缘服装馆,涂红艳,
秀山县正慧服装厂,杨胜斌,
秀山县龙哥服装店,龙万里,
秀山县吴月服装店,吴月,
秀山县蜜思服装店,余元江,
秀山县华美服装店,杨华,
秀山县林玲服装店,江艳林,
秀山县余丹服装店,余丹,
秀山县兴荣服装厂,彭金芝,
秀山县曼天雨服装店,唐爱华,
秀山县余情未了服装店,陈新跃,
秀山县娅玲服装店,江浩,
秀山县梦华服装店,孙梦华,
秀山县一三服装店,邓淑兰,
秀山县芷如服装店,田梅,
秀山县肆至服装店,杨飞,
秀山县华染服装铺,陈洋,
秀山县品朵服装店,田兰,
秀山县洪天祥服装店,洪天祥,
秀山县欧菲洋服装店,汪竹兰,
秀山县艺多多服装店,田彬,
秀山县可爱屋服装店,江文丽,
秀山县杨洋服装经营部,杨兴智,
秀山县底色服装经营店,严燕,
秀山县朱晨服装经营部,朱晨阳,
秀山县衣然心动服装店,周飞,
秀山县品牌集合服装店,江余桂,
秀山县韩格服装销售店,刘小芳,
秀山县闺蜜之家服装店,贺娟,
秀山县简约服装经营部,钱洁,
秀山县奥思迪服装经营部,刘铁成,
秀山县衣佰惠服装销售店,陈晃基,
秀山县田素荣服装店,田素荣,
秀山县小心心服装店,谢窈,
秀山县女人街服装经营商行,李慧,
秀山县欣欣向荣服装批发店,张玉敏,
秀山县礼芬服装经营部,曹礼芬,
秀山县国仙服装经营部,周国仙,
秀山县大邵服装经营部,邵金龙,
秀山县姚氏服装经营部,姚树洪,
秀山县米兔儿服装工作室,杨菁,
秀山县小北街服装加工店,严玉兰,
秀山县小月红服装经营店,谭超,
秀山县依尚美服装批发店,李微,
秀山县幻影计划服装经营店,常桥军,
秀山县茜茜佳人服装经营部,覃茜,
秀山县雪浪服装设计经营部,胡雪浪,
秀山县爱尚衣舍服装经营店,杨继梅,
秀山县渊源服装经营工作室,肖渊,
秀山县富贵之家服装经营部,许益叨,
秀山县特洛伊陶服装工作室,陶译,
秀山县姚如英服装经营部,姚如英,
秀山县清溪留金名店服装店,任红梅,
秀山县咚漫童话服装销售馆,代芳艳,
秀山县美特斯邦威服装经营秀山店,王飞,
秀山县渝摆摆服装加工经营部,田垒,
秀山土家族苗族自治县乐美服装店,彭继武,13512307738
秀山土家族苗族自治县美衣舍服装店,王素芬,15310582788
秀山土家族苗族自治县檬檬服装经营店,田莉,
秀山土家族苗族自治县嘉霸儿童服装店,周协安,
秀山土家族苗族自治县琴弦阁服装批发店,张伶利,
秀山土家族苗族自治县凡人时尚服装经营商店,田若梅,
秀山土家族苗族自治县七衣一服装销售店,刘健美,
秀山土家族苗族自治县嘿帕服装设计工作室,李瀚源,
秀山土家族苗族自治县熊孩纸儿童服装商行,袁洁,
重庆市杰丰服装织造有限公司,洪清初,
秀山县新秀服装有限公司,邱兴军,18225369888
秀山县东鑫服装织造有限公司,洪祖尚,76606309
重庆铭霆服装织造有限公司,谢连来,
秀山县玉屏和兴服装有限公司,赵相文,15923629345
秀山卡米曼服装专卖店,伍学斌,
秀山县鑫瑞丰服装织造有限公司,刘炎林,
秀山县锦绣服装城,季志有,15823616117
秀山辉辉服装店,敖光辉,15023959193
秀山县美尚坊服装店,陈波宇,18996980200
秀山县红英服装店,冉光洪,
秀山琪琪服装店,张轶,13308277537
秀山县衣佳坊服装店,张育琳,18225389128
秀山县信达服装厂,卢新川,13638217478
秀山县熊氏服装店,熊选民,15095976199
秀山西贝伦服装店,伍学芳,13668062811
秀山娅群服装店,徐娅群,
秀山县纽方服装店,池丽群,
秀山艾尚雪服装店,代玉慧,18996995111
秀山佐曼服装店,周晓,
