name,person,phone
重庆市正宇服装有限公司,吴大川,
重庆诗雨服装有限公司,谭悦,023-48207127
嘉享（重庆）服装有限公司,廖勤存,13883725567
重庆百利源服装有限公司,吴永强,13618320795
重庆嘟咪仔服装有限公司,夏欣桐,13883459126
重庆渝玩服装设计有限公司,翁宗伟,18580628680
重庆市俊高服装销售部（普通合伙）,-,13883693675
重庆市綦江铁花服装厂,,
万盛经开区兰纺服装店,霍霞,
綦江区尚元服装店,黄冬梅,
万盛经开区秋香服装店,霍秋香,
綦江区华江服装店,谢见华,
綦江区莉莉服装店,杨秀利,
綦江区洛丽塔服装店,熊琴,
重庆瑞优服装经营部,伍定文,
綦江区勇燕服装店,郭容,
綦江区桦裳服装店,宋健,
胜运三角洲工贸公司服装厂,,
重庆市万盛经开区小鸟依依服装经营部（普通合伙）,王小燕,18883307349
綦江区朴素耕服装店,蒋培会,
万盛经开区靓依服装店,王开霞,
万盛经开区胖姐服装店,田丰美,
万盛经开区梅子服装店,张淑利,
万盛经开区雷萍服装店,雷荣萍,
万盛经开区新彩悦服装服务部,许晓婧,
綦江区艾尚雪服装经营部,蒋丽,
万盛经开区云淡风轻服装店,罗召霞,
万盛经开区芮色服装店,朱明洪,
綦江区醒梦服装加工厂,王德会,
万盛经开区卓依房服装店,傅小勇,
万盛经开区潮尚汇服装店,文永娟,
綦江区半身缘服装经营部,王学会,
綦江区寻美记服装经营部,张红卫,
綦江区英姿丽服装经营部,卢基学,
綦江区肖海娜服装经营部,肖海娜,
万盛经开区娃娃管家服装店,曾晓婷,
万盛经开区恋衣服装经营部,况大芬,
万盛经开区丽丽服装专卖店,吴思雅,
万盛经开区衣衣服装工作室,罗亚,
綦江区叶洛莉兰服装店,蔡赵龙,
万盛经开区郭显芳服装店,郭显芳,
万盛经开区朴与素服装店,罗玉民,
万盛经开区小婧服装经营部,黎小镜,
万盛经开区学武服装经营店,杨学武,
万盛经开区颖儿服装工作室,张蓝月,
重庆市綦江区娅娅服装批发部,王娅,
万盛经开区丽伊伊服装经营部,李成惠,
重庆市綦江区林敏服装销售部,林敏,
綦江区牵住手不放服装店,敖茂林,
綦江区衣心衣意服装经营部,蒋雪松,
重庆市綦江区秀得服装零售店,穆得秀,
重庆市綦江区谭德秀服装经营部,谭德秀,
万盛经开区家鑫的店服装经销店,李家鑫,
重庆市綦江区舒莉服装销售经营部,舒莉,
万盛经济技术开发区特步儿童服装店,张景伟,
重庆市綦江区潘凤英服装销售门市部,潘凤英,
万盛经济技术开发区佳筱服装经营店,李科,
万盛经济技术开发区懂衣橱服装经营店,王春霞,
重庆市万盛经开区杜春服装销售经营部,杜春梅,
万盛经济技术开发区媛媛服装销售经营部,彭媛媛,
重庆市綦江区穆得秀服装销售经营部,穆得秀,
重庆綦江服装公司,税国才,
綦江县亚丽服装店,佘亚丽,13996144633
綦江县京京服装店,翁明书,15823469810
重庆市綦江区联民服装加工厂,赵立忠,19942264411
綦江县紫荆花服装店,陈盛琴,15922696039
綦江县长平服装店,杜长平,13527346777
綦江县吕昌萍服装店,吕昌萍,13609412270
重庆市綦江区高华服装经营部,梅高华,15123173624
重庆市川鸿服装经营部,夏世祥,48272727
万盛经开区魔美服装店,安建锋,
綦江区雅俏服装店,黄惠民,15922961826
重庆金三角服装贸易有限公司,赵敏,
綦江区波涛服装店,傅小波,
万盛区惠园服装店,王新惠,
綦江区炫衣坊服装店,郑勇兵,
重庆市万盛区隆龙服装厂,犹共华,15823460808
綦江县好又来服装店,周斌,13512371581
重庆市锟轩容服装店,雷锟,17308363475
綦江区张杰服装店,张杰,15826114267
綦江县木衣坊服装经营部,蔡绍会,13883429266
万盛经开区韩衣服装店,杨易,
重庆市百荣服装经营部,李生吉,15922886799
綦江区友尚服装店,雷星星,
万盛经开区画燕服装直营店,涂画,
万盛经开区雯雯服装经营部,姚代俊,
綦江区项剑服装店,项剑,18725953687
重庆市綦江区贤贤服装经营部,穆金贤,13883747385
重庆市綦江区正均服装经营部,胡正均,15123990960
万盛经开区婉约服装店,李鹏,
万盛经开区腾逸服装店,罗浩,
万盛经开区狂潮服装店,陈俊材,
綦江县燕子服装加工店,刘雪峰,15823031721
重庆市綦江区杰克帝尼服装销售部,张正敏,15808088908
万盛经开区慧色服装店,穆伟,
重庆市綦江区赟姐服装经营部,陈赟,13996053900
重庆市万盛经开区乾凤服装销售店,文世凤,15922521350
万盛经济技术开发区小高服装店,高华友,
重庆市綦江区古文服装经营部,古文,15102310166
綦江区张露服装店,张露,
