name,person,phone
重庆市荣惠服装有限公司,蔡锡芳,
米士品（重庆）服装有限责任公司,成林芹,
重庆市凡雪服装有限公司,郑耀南,023-67980604
重庆渝辉服装有限公司,叶龙,
重庆艾凯尔服装有限公司,邓小刚,13508329212
重庆市荣昌区吕满鑫服装有限公司,蒋永冬,15223299775
重庆市上河服装有限公司,刘刚,18696592386
重庆市荣昌县奥黛莉服装有限公司,叶延章,13609765492
重庆市轩瑷服装有限公司,晏文牛,15123844818
重庆市荣昌区刘奇服装有限公司,刘奇,15202385186
重庆市荣昌区素之服装有限公司,陈倩,15223337960
荣昌县暖冰针编服装厂（普通合伙）,,
荣昌区双河街道陈启燕服装店,陈启燕,
荣昌区昌元街道后西街依麻雅轩服装店,苏光美,
荣昌区昌元街道简秋服装店,刘波,
重庆丝柔科技有限公司,李英,17784257861
重庆尼禄网络科技有限公司,谢陈龙,
重庆市荣昌区平凡服装有限公司,汪金刚,15213746665
重庆市荣昌服装工业公司许家沟加工门市部,吴云臣,
荣昌区昌元街道韩屋服装店,汤梦琪,
荣昌县益家服装有限公司,金正书,
荣昌县欧林雅服装店,窦海兰,13350388893
重庆紫丹菲服装有限公司,马成林,
重庆市轩辕服装有限公司,晏文牛,
荣昌区安富街道衣然心动服装店,林安阳,
荣昌县尚品服装加工店,吕玉才,13372659129
重庆市荣昌区永盛服装厂,盛兴福,13637780804
荣昌区昌州街道姐妹服装店,周燕,
荣昌区昌元街道晏林服装店,林晏,
荣昌区昌元街道汪莉服装店,汪莉,
荣昌区昌元街道靓雅服装店,吕凤菊,
荣昌区昌州街道娜一家服装店,邓萍,
重庆市荣昌区石燕服装加工厂,易多,18302302628
重庆市荣昌区通利服装有限公司,叶为民,89115185
荣昌县昌元街道金睿服装店,刘晟,
荣昌县峰高丰银服装经营部,张吟,46782834
荣昌县罗涛服装店,罗涛,13372656566
荣昌区昌元街道酷曼服装经营部,周申强,17782352615
重庆市荣昌区先国服装经营部,颜先英,13996164281
重庆市荣昌区鼎馨服装厂,刘大高,15923177588
荣昌区吴家镇正波服装店,孙正波,13996066891
荣昌县昌元街道阿兰曼服装店,胡兴健,13350378527
荣昌县昌元街道自家坊服装店,秦怀平,15023638431
荣昌县昌州街道洛克威尔服装经营部,李沁,
荣昌区昌州街道洛克威尔服装经营部,李沁,
重庆市荣昌区维斯服装店,杨帆,13677641919
荣昌区昌元街道依薰服装店,叶兆成,
重庆市荣昌区宋城服装设计部,李睿,18623407107
荣昌县昌州街道文文服装店,侯晓文,
荣昌区昌元街道龙口服装店,方航琪,13962298128
荣昌县昌元镇王定胜服装店,王定胜,13752876230
重庆市荣昌县鸦山服装厂第五门市部,曹辉建,
荣昌区昌元街道雷宏服装店,雷宏,
荣昌区昌元街道明明服装店,吕建明,13996021869
荣昌县宸逸服装销售部,张星,46782834
荣昌县锦恒服装销售部,肖鹏,13618314188
荣昌区双河街道张春服装店,张正春,
荣昌县昌州街道友谊服装店,李兴中,
荣昌县新利服装经营部,杨俊,13452377086
荣昌县丽兴服装店,陈祥富,13696495610
荣昌区昌元街道智灵服装店,黄毅,18523595978
重庆市荣昌区张红服装有限公司,张红,13389650001
荣昌县丽羽服装经营部,唐强,18623654507
荣昌区昌州街道盛英服装店,曾盛英,
重庆市荣昌县华鑫服装厂,李健康,
荣昌县昌元街道涵涵服装店,朱刚,18623443268
荣昌县昌州街道曼西尔奴服装经营部,潘红亚,
荣昌区昌州街道曼西尔奴服装经营部,郑贤素,
荣昌县富容服装设计店,潘富容,15320526286
荣昌县昌元街道藤儿服装店,陈伟,
荣昌县昌元街道思乡服装店,谢煜,13527573141
荣昌县昌元街道缘来服装经营部,刘志宁,
荣昌区昌元街道程文服装店,程文,
荣昌县安顺服装加工厂,杨春,13752859130
荣昌县昌元街道里维服装店,李伟,
荣昌区昌元街道琼妹服装店,于正琼,
荣昌县盘龙镇漂亮女人服装店,郑华彬,
荣昌区昌元街道蒋姐服装店,周洋,
荣昌县峰高街道迷你服装店,杨波,
荣昌县杰艺服装经营部,周欢,18183061688
荣昌县文燕服装店,文燕,13752812710
荣昌县仁义镇小衣柜服装店,颜亮,18166459897
荣昌区昌元街道芭莎服装店,吴帆,13012379999
重庆市荣昌区笨脚屋服装店,张林,023-85267918
荣昌区昌元街道柏林服装经营部,刘刚,13983657668
荣昌县昌元街道秋雪依人服装店,刘刚,
荣昌县安富街道星期七服装城,杨学彬,13996066891
荣昌县昌元街道李勇服装经营部,李勇,13658343723
荣昌县昌元街道汉智服装店,刘汉智,18223382174
荣昌区峰高街道亿华服装店,唐兴木,
荣昌县昌元街道本衣服装店,李宛峰,
荣昌区昌元街道风型服装店,郑奇才,
荣昌区盘龙镇相缘服装店,何应琼,
荣昌区清升镇钥儿服装店,雷礼,
荣昌县昌元街道特步服装店,张文燕,
荣昌区昌元街道衣橱服装店,邱蓉,
荣昌区昌元街道西米小屋服装店,粟懿,
荣昌县昌元街道卡莱施服装店,唐春华,13883606986
荣昌县昌元街道腾达服装经营部,李建彬,
荣昌区昌元街道金都服装店,赵家永,13883239918
