name,person,phone
酉阳县宏鑫服装有限公司,白红菊,15520124222
重庆圣域服装有限公司,韩学琪,13319211808
重庆市冠捷服装织造有限公司,吴强鹤,15059553553
重庆林盛服装有限公司,黄玉龙,023-75565066
酉阳县昌盛服装有限公司,向世国,
酉阳县易翔服装有限公司,张剑锋,13905897915
酉阳县爱珊服装有限公司,陈涛,
重庆纤龙服装制造有限公司,刘仲举,18759918600
重庆长隆服装有限公司,林芬,18996901598
酉阳县雨锐服装有限公司,张良英,
酉阳县宏怡服装制造有限公司,田友清,
酉阳县鸣添服装有限责任公司,黄鸥鸣,13101178811
酉阳县旺族服装有限公司,王强,13996931007
酉阳县佳业服装有限公司,黄志文,18225362688
酉阳县华翔服装有限公司,吴建华,18325202880
酉阳县可尼尔服装有限公司,田应和,
酉阳县中港服装销售有限责任公司,田浩然,18230505500
酉阳县正意服装有限公司,周学民,18623685999
酉阳县兰富华服装有限公司,石胜华,
酉阳县鑫欣服装制造有限公司,石国华,17784395811
重庆宥希服装有限公司,张雪莲,18696995801
酉阳县欧雪服装有限公司,倪雪平,18325132619
重庆齐和义服装有限公司,冉乂涓,13709485292
酉阳县鸿帆服装有限公司,何红梅,
酉阳县大掌柜服装有限公司,张建军,
酉阳县闽渝酉兴服装制造有限公司,黄仕兵,15659066458
酉阳县万泰服装店,冉军,
酉阳县俊夏服装店,邹俊,
酉阳县烟雨阁服装店,齐英,
酉阳县可以欣赏服装店,张露,
酉阳县国哥服装店,白勇,
酉阳县月芝服装店,冉月芝,
酉阳县高杨服装店,高杨,
酉阳县东盛服装纺织有限公司,洪肇来,15095959757
重庆市鸿鹏服装织造有限公司,吴强鹤,
重庆永晟服装织造有限公司,欧阳秀湖,15025786333
重庆市酉黔服装织造有限公司,阮珊雅,02375561738
重庆东润服装织造有限公司,许秀染,15223922919
重庆市嘉凯服装织造有限公司,洪少育,15025786333
重庆新纶服装织造有限公司,施金定,15223922919
酉阳县新濠服装织造有限公司,杨乌选,
酉阳县华茂服装织造有限公司,洪少育,15025786333
重庆市祥鑫服装织造有限公司,洪清蚨,15025786333
重庆汇邦服装织造有限公司,洪建全,15223922919
酉阳县鹏发服装织造有限公司,李玉院,
重庆博源服装织造有限公司,苏万青,15223922919
酉阳县海林服装厂,任勇,18996941943
重庆豪辉服装织造有限公司,李长生,15025786333
酉阳县鑫翔服装有限责任公司,陈永金,13896896119
酉阳县恒通服装厂,郭恒,13907195610
重庆市中皓服装织造有限公司,李建华,15025786333
重庆酉邦服装织造有限公司,杨金英,023-75531659
酉阳县洪华服装有限公司,邓芳芳,18696980099
酉阳县谭金服装店,谭金碧,13896431518
酉阳县明轩服装贸易有限公司,石元发,
酉阳县永晋服装织造有限公司,黄瑞容,13599213555
重庆市中骏服装织造有限公司,潘高文,15359825999
酉阳依尚鼠服装有限责任公司,陈春燕,
酉阳县涵涵服装店,杨淑全,
酉阳县初识服装店,石会勤,
酉阳县迪华服装店,罗迪华,
酉阳县佳美服装店,龚学珍,13896415567
酉阳县财财服装店,张燕,
酉阳县白龙服装店,白龙,
酉阳县雪平服装店,冉雪平,
酉阳县敏敏服装店,熊淑敏,
酉阳县印象服装店,覃溶,
酉阳县若涵服装店,杨若涵,
酉阳县皇兴隆服装织造有限公司,郭丽清,15223997838
酉阳县渠渠服装店,龚建渠,13609482175
酉阳县渝闽彤服装织造有限公司,张木生,15223997838
酉阳县习习服装店,杨习,
酉阳县鸿运服装超市,冉龙银,18102367489
酉阳县圣铭服装商行,甘永坤,13648227818
酉阳县靓美服装店,陈治宇,
酉阳县君艳服装店,田维军,13452253082
酉阳县童乐坊服装店,葛少杰,
酉阳县金豪雀服装店,储炜,18908271000
酉阳县华迪嘉服装厂,向贽,15320969999
酉阳县国洋服装店,江国洋,18225729678
酉阳县拓谷服装店,许露萍,18523731266
酉阳县碧洁服装店,冉青平,
酉阳县小梦服装店,郭小梦,13709483189
酉阳县予涵服装店,邓旭春,18996976901
酉阳县艳辉服装店,廖艳辉,
酉阳县秀敏服装店,全秀敏,
酉阳县再花服装店,侯再花,
酉阳县莎莎服装店,冉艳莎,
酉阳县时尚服装店,崔巍,
酉阳县思宇服装店,庞思宇,
酉阳县舒梦服装店,王舒梦,
酉阳县珍珍服装店,庹珍珍,
酉阳县凡凡服装商行,何森武,13709494038
酉阳县兰桂坊服装店,文宇,
酉阳县彬伊奴服装店,冉旭,
酉阳县白乐服装加工厂,张白乐,18723964850
酉阳县丰裕服装加工厂,张晓玲,13638208693
酉阳县霞峰服装经营部,邱险峰,15923777855
酉阳县风采服装超市,王泷,
酉阳县张宗服装店,张宗,15223993884
