name,person,phone
重庆市铜梁区华美服装有限公司,朱桥,13629718010
铜梁区上品衣折服装经营部,苏元君,
铜梁区蒙蒙服装店,谢蒙,13527399254
铜梁区尚盟服装店,屈超莉,
铜梁区四月服装店,张红瑞,
铜梁县艾尚服装店,代登菊,13883317400
铜梁区雷迪服装店,张舒雨,
铜梁区润纺服装店,鲍小标,13777721127
铜梁区潮流服装店,肖杰文,
重庆豪创职业服装厂,刘生国,13399887740
铜梁区仟晴羽服装店,李勇,
铜梁区阿富服装店,蔡章富,
铜梁区金华服装店,谢全华,13983161473
铜梁县靓眼服装超市,蔡远红,15310655136
铜梁区喜乐库服装店,梁小兵,
重庆星萌服装有限公司,刘朝钧,
铜梁县和顺服装加工厂,范定和,15923162782
铜梁区橘子郡服装店,张曦,13908390978
铜梁区左加右服装店,杨显强,15215168136
铜梁区阿珍妮服装店,赵奇龙,15086945219
铜梁区优品服装店,张航,
铜梁区藤儿服装店,何健,
铜梁县文彬服装店,唐文彬,
铜梁区李智勇服装店,李智勇,18623592908
铜梁区相聚鹏服装店,曾春莉,18983909040
铜梁区博奈司服装店,侯山喜,13883047333
铜梁区卡洛莲服装店,王易,
铜梁县银新服装厂,王代银,15025389838
铜梁区微购服装店,张靖,
重庆市铜梁区美加美服装有限公司,朱明松,18983801224
铜梁区前沿服装店,赵宇,
铜梁区张喜琼服装店,张喜琼,15025342698
铜梁区唯因佳服装店,周汝佳,
铜梁区木果果木服装店,高远东,19112087007
铜梁区唐文服装店,唐文,
铜梁区淘宝屋服装门市部,李海智,13883059738
铜梁县艾莲达服装店,邓秋婷,
铜梁区百优特服装经营部,周国川,
铜梁区锦安服装加工店,段炼,
铜梁区丁欢服装店,丁欢,
铜梁县小汪服装店,汪洋,
重庆市铜梁区朗斯莉服装店,李举会,15086956099
铜梁区布衣坊服装店,夏国香,
铜梁区优达服装经营部,阳小飞,
铜梁县波拉米拉服装店,刘永兵,
铜梁县启铭服装店,吴军,
铜梁县戴进服装店,戴进,13883659667
铜梁县海强针织服装有限公司,赵强,
重庆市铜梁区曾曾服装厂,宋关云,18426486583
铜梁县法尼威斯特服装店,杨正,1369645508
铜梁区小周服装店,周强,
铜梁区特步运动服装店,祝贺,023-45641250
铜梁区兰卡服装店,陈雯,15923242588
铜梁区韩都服装店,周伦,
铜梁县情相依服装店,陈强,
铜梁县国成服装店,林国成,
铜梁县美人服装店,谭欣,15123354525
铜梁区杉杉服装店,彭强,13709415232
铜梁县卡米儿服装店,陈黎,18602392321
铜梁区月红服装加工厂,尹山红,15123864235
铜梁县闺密服装店,林平,
铜梁区欣怡服装店,李尚容,
重庆市铜梁区杨敏服装加工厂,蒋源芬,15683723272
重庆市铜梁区天华服装加工厂,刘肇英,13594373577
重庆市铜梁区姐妹服装加工厂,罗于萍,13594045541
铜梁区唐松服装店,唐松,15086875319
铜梁区雪妮儿服装店,张勇,13110145422
铜梁区犇业服装店,赵林,13657607610
铜梁区绘颜服装批发部,颜云兰,
铜梁县冬羽服装店,何龙,
铜梁区希尼亚服装店,彭强,13609415232
铜梁区范范服装店,罗朝晖,
铜梁区陈夏服装店,陈夏,
铜梁区熊熊服装店,张翠,
铜梁区百衣百顺服装店,李强,
铜梁县沐阳童服装店,倪正芳,
铜梁区季季乐服装店,倪正芳,13883062297
铜梁县雅谷服装店,秦伟,13668069129
铜梁区领绣服装店,周刚,
重庆新巧露服装设计有限公司,张定伦,
