name,person,phone
重庆市中奇广成服装有限公司,吕治中,15677222688
重庆市长寿区欣盈祥服装有限公司,徐秋兰,85335798
长寿区萌娃服装店,范怀有,
长寿区大布山服装店,施明海,
长寿区韩派服装店,张敬文,
长寿区洪桂服装店,洪桂花,
长寿区小惠服装店,朱惠,
长寿区金海服装店,王金海,
长寿区燕子服装店,陈良亚,
长寿区腾荣服装店,余腾荣,
长寿区李强服装店,李华强,
长寿区火星服装店,刘均,
长寿区敏敏服装店,廖敏,
长寿区玉子服装店,郭少玉,
长寿区宏印服装店,杨宏银,
长寿区健兴服装店,黄国华,
长寿区湘绣服装店,向安秀,
长寿区何翠服装店,何翠,
长寿区朱敏服装店,朱敏,
长寿区潮童服装店,向光红,
长寿区王春服装店,王信春,
长寿区仲秋服装店,包骐瑞,
长寿区鑫豪服装店,符锡良,
长寿区怦然心动服装店,赵酸,
长寿区申碧服装店,贺申碧,
长寿区余年服装店,陈建都,
长寿区梅姐服装店,芶凤梅,
长寿区韩略服装店,李家辉,
长寿区洪胜服装店,黄洪胜,
长寿区昭粱服装店,苏召良,
长寿区柒式服装店,陈其,
长寿区桃生服装店,冯宇星,
长寿区星朝服装店,冯惠明,
长寿区雾嘭服装店,何物鹏,
长寿区集林服装店,甄林,
长寿区壹七服装店,张娜,
长寿区彬旭服装店,戴彬,
长寿区义宇服装商行,钱义,
长寿区洛洛家服装店,易风,
长寿区黄盈龙服装店,黄盈龙,
长寿区斐格思服装店,金春燕,
长寿区余波服装经营部,余波,
长寿区锦时服装销售店,范新刚,
长寿区涵涵服装经营部,李云芬,
长寿区琦琦服装饰品店,赵湖川,
长寿区凯茜服装经营部,谭棋月,
长寿区章氏服装经营部,章伯寿,
长寿区王茁服装经营店,王卓,
长寿区锐成服装经营铺,陈玉梅,
长寿区刘韵服装经营店,刘芸,
长寿区陈民服装经营店,陈敏,
长寿区思宇服装经营部,沈思宇,
长寿区如故职业服装店,张洪,
长寿区雄飞服装经营部,雷雄飞,
长寿区何平服装经营部,何平,
长寿区唐陶服装经营部,唐陶,
长寿区程山服装经营部,程虎山,
长寿区凯威路服装经营铺,张小梅,
长寿区真喜路服装经销店,杨志蓉,
长寿区衣橱服装经营商店,刘元文,
长寿区裕依坊服装店,张裕,
长寿区雪织绒服装店,左志容,
长寿区千衣惠服装店,熊军,
长寿区艾诺丝雅诗服装经营部,张英,
长寿区小丹服装经营部,柳丹,
长寿区衣乐服装经营坊,雷霞,
长寿区依平服装经销店,李平,
长寿区妤儿服装经营部,吴诗伟,
长寿区慕言服装经营部,杨娅,
长寿区炫涛服装经营部,石双涛,
长寿区潘忱服装经营店,潘忱,
长寿区美弋服装经营店,谭燕,
长寿区果妹服装经营店,武燕,
长寿区依可尚服装经营部,袁远,
长寿区程建蓉服装经营部,程建蓉,
长寿区陈丽捐服装经营店,陈丽娟,
长寿区周茂彦服装经营部,周茂彦,
长寿区黄桥宣衣社服装店,黄桥,
长寿区芭乐兔服装经营部,陶金兰,
长寿区霄姑娘服装定制店,朱萍,
长寿区夏妹妹服装经营店,陈亮,
长寿区何嘉彦服装经营店,何嘉炎,
长寿区鹏升定制服装经营部,冯世乔,
长寿区魔法服装经营工作室,李杰,
长寿区琼弋厢阁服装店,汪群英,
长寿区周桢挺服装经销店,周桢挺,
长寿区余太鹏家居服装店,余太鹏,
长寿区郭和贞服装经营店,郭和真,
长寿区巧姿蝶服装经营部,穆文茂,
长寿区岚弋阁服装经营部,刘弋涵,
长寿区布居奕格服装经营店,张菊,
长寿区行联故事服装经营部,熊倩,
长寿区东纺雪妮服装经营部,冉勇,
长寿区我的风格服装经营部,谢福琼,
长寿区锡岭服装经营经营部,樊锡岭,
长寿区雲裳职业服装经营部,刘小霞,
重庆川雁服装厂,黄广昌,
长寿区西子服装店,唐密,
长寿区偌希服装店,刘璐莹,17708320650
长寿区德芸服装店,王德云,
