name,person,phone
重庆仕熹服装有限公司,梁渝,63903590
重庆市欢裕磊服装设计有限公司,王凤蓉,18315289618
重庆笃新服装有限责任公司,易仙,18580901009
重庆市盛丽服装有限责任公司,彭迎春,15174370178
重庆市黔江区澳特尔服装皮具有限责任公司,刘朝海,79251788
重庆芸睿服装加工有限公司,李清杨,18315260399
重庆熙世臻品服装设计有限责任公司,黄芳,
重庆市黔江区君柔服装有限公司,李淑林,18580981596
重庆市黔江区稚趣服装有限公司,谢立平,
重庆市黔江区魅鹿服装销售有限公司,龚露,
重庆市黔江区念维服装销售有限公司,曾维锋,17783608370
重庆市黔江区璀兰服装销售有限公司,杨润,023-79850827
重庆市祥莉潮服装零售有限责任公司,韦兴,
重庆沐梦服装有限公司,陈煦周,
重庆晶莹服装饰品有限公司,李一平,13709491276
黔江区贝暧服装店,金长财,
黔江区焕格服装店,马文军,
黔江区云裳服装店,朱健,18523741920
黔江区莱克斯顿服装店,董振方,13983058866
重庆涛伟服装销售有限公司,高歆,15023933173
黔江区永洲服装经营部,粟永周,13896809889
重庆市黔江区邹群服装经营部,陈辉举,18723945163
黔江区燕华服装销售,孙燕华,18166539218
重庆市黔江区涵宇服装销售中心,孙冠宇,18696999996
黔江区威翔服装店,王维,
重庆市黔江区珞然服装经营部,李海英,18523718449
黔江区千秀服装销售部,沈洪,
重庆市黔江区航珊服装超市,粟永成,13908278988
黔江区濯场服装加工厂,倪辉,
黔江区胡松服装店,胡松,
重庆市黔江区嘉意服装批发部,刘光扬,18581275552
重庆市黔江区中厚服装销售中心,廖彩娥,13996932292
重庆之燕服装有限责任公司,程之燕,
重庆市黔江区素荣服装销售部,冉素荣,13594960359
重庆市黔江区美冉服装销售部,冉东林,13594949798
黔江区罗裳服装经营部,刘晓,
黔江区追艾服装加工厂,向家艾,13193019447
重庆市黔江区再发服装销售部,彭朝江,18680992365
黔江区怦然服装店,陈曙光,
黔江区楷哥服装店,刘勇,15736638195
黔江区高端服装销售部,郑倩,18184017320
黔江区侯乐服装经营部,侯乐,
重庆市黔江区冉明服装销售部,冉景斌,13908270239
重庆市黔江区忘忧草服装经营部,胡廷莲,18315216826
重庆市黔江区丰汇服装销售中心,李榕,18696994399
黔江区着装服装经营部,马建军,18225350939
重庆市黔江区群唯服装销售部,陆亚,15856032198
黔江区菲与服装经营部,罗菲,
重庆市郑清文服装厂,陈洁,18623369222
黔江区梦佳服装店,王梦佳,18657620913
重庆市黔江区炫酷服装经营部,刘鑫,18875511850
黔江区胡灿服装销售部,胡灿,13308278118
黔江区乔浪服装经营部,王伟,13908272612
重庆市黔江区忒希服装店,刘秘,13364099996
黔江区西瓜王子服装店,杨苛,18908275536
重庆市黔江区振坤服装经营部,孙怡,18623499471
黔江区洋纺服装店,杨芳,
重庆市黔江区建芳服装销售店,胡玉方,18580987278
重庆市黔江区鸣空服装店,周杨,18908277606
黔江区薇安尼服装店,王倩,
黔江区潘多拉服装店,李晶晶,13399886783
黔江区小靓服装经营部,徐小平,13896889499
黔江区前凌服装设计经营部,董峰,
黔江区妹依潮服装店,刘阳,
黔江区君元服装店,杨小莉,
黔江区贵渤服装城,刘长安,
黔江区彩瓷服装店,成武,13896858055
黔江区蜜雪服装店,田甜,
黔江区文雅服装经营部,田洪文,
黔江区康胜服装店,张玉波,13896870918
黔江区回眸服装店,邓明江,17782300978
黔江区炜潘服装店,黄小平,13364099951
重庆市黔江区川子服装经营部,李杰,17783305730
黔江区平饶服装销售部,王平,
黔江区郎小姐的服装店,徐洪,13996985696
重庆市黔江区缘峰服装经营部,贺峰,18996656899
黔江区柯欢服装店,尹小梅,18908274411
沙坪坝区主流派服装店,陈蛟,
重庆市黔江区缇坦服装销售中心,谭超,13594984288
重庆市黔江区凤水服装经营中心,华红,13101127766
黔江区婧小服装店,陈娜,
黔江区味道服装店,刘霞,
重庆市黔江区新姿服装销售中心,蒲伟,13609496758
黔江区恋恋不舍服装店,张娟,17783920041
黔江区谢红梅服装店,张世波,
黔江区依加米服装经营部,周春,18896101366
黔江区立清服装店,刘建清,
黔江区南天之韵服装店,凡小艳,
黔江区罗渝服装店,龙秀琼,
黔江区禾弦服装店,孙小丽,
重庆市黔江区海城服装经营部,周华,13896464318
黔江区吉咪服装销售部,郑婉敏,
黔江区衣香丽影服装店,王小春,
黔江区小祥服装销售店,郭小祥,
重庆市黔江区娈丽服装销售部,罗伟,13101176099
重庆市黔江区文健服装经营部,文建华,18875562265
重庆市黔江区波璇服装销售部,王波,18680984857
黔江区雪西服装销售部,刘雪梅,
重庆市黔江区万众服装洗涤中心,徐蓉,13709480471
黔江区幻蝶服装店,陈江林,
